Id,Area,Bedrooms,Bathrooms,Floors,YearBuilt,Location,Condition,Garage,Price
1,4562,2,1,1,2020,Delhi,Good,0,2520092
2,654,5,4,1,2001,Delhi,Poor,0,4970409
3,1292,3,4,3,1992,Gurgaon,Average,0,18707467
4,2724,5,3,3,1992,Delhi,Average,1,10297089
5,1212,3,3,2,2022,Noida,Average,0,7956375
6,2768,1,3,2,1992,Delhi,Average,1,5983405
7,2985,2,1,2,1996,Gurgaon,Average,0,4365423
8,2334,2,2,1,2016,Delhi,Average,1,7365731
9,1690,4,1,1,2002,Delhi,Poor,1,4079990
10,3069,3,3,1,1995,Delhi,Poor,0,2344120
11,2351,2,3,2,1995,Noida,Average,1,14569170
12,3016,4,1,3,1997,Gurgaon,Average,0,14717259
13,901,1,4,1,2020,Gurgaon,Good,0,2556445
14,1281,3,4,1,1994,Delhi,Good,0,15749080
15,2677,1,2,1,2014,Noida,Good,1,5118104
16,1938,5,1,1,2003,Gurgaon,Poor,1,9354541
17,3940,3,4,3,1990,Noida,Average,1,2748135
18,4643,5,3,3,2023,Noida,Good,1,3309808
19,1771,3,2,3,1990,Noida,Average,0,12159618
20,3745,1,3,3,1995,Delhi,Poor,0,9440214
21,2281,2,2,1,2017,Delhi,Poor,0,8515322
22,2449,5,4,2,2021,Gurgaon,Average,1,12776839
23,1727,5,2,3,2015,Delhi,Good,0,17331190
24,2962,5,2,1,1994,Gurgaon,Poor,0,10152961
25,3385,1,2,3,2000,Noida,Good,0,2003261
26,2982,3,3,2,1997,Gurgaon,Good,1,9958068
27,3838,2,1,3,1998,Gurgaon,Poor,0,13786803
28,1155,5,3,1,2015,Noida,Poor,1,13231001
29,745,1,2,2,1997,Delhi,Poor,0,2730637
30,2477,3,2,1,2022,Noida,Good,1,2772787
31,3078,3,1,3,2011,Gurgaon,Poor,1,10060971
32,2626,4,1,2,2002,Noida,Poor,1,10206197
33,4951,4,1,3,2002,Gurgaon,Poor,0,2407990
34,4517,2,1,1,2001,Gurgaon,Good,0,10177877
35,609,5,3,3,2001,Gurgaon,Average,1,9453705
36,4206,1,1,3,2006,Gurgaon,Good,1,13052573
37,4511,5,3,1,2001,Gurgaon,Good,0,9346544
38,995,5,4,1,2000,Noida,Poor,1,16312819
39,2233,4,2,3,2008,Gurgaon,Good,1,16672408
40,1894,2,4,3,2008,Delhi,Average,0,13055501
41,1215,1,1,3,1998,Gurgaon,Average,1,4881642
42,2725,5,2,1,2020,Delhi,Average,0,14135468
43,2776,3,3,2,2000,Noida,Good,0,19129514
44,1278,1,3,2,1991,Gurgaon,Average,0,16212079
45,1983,5,4,1,1997,Gurgaon,Poor,0,2897429
46,3628,2,1,3,2012,Gurgaon,Poor,1,13186572
47,1232,4,4,3,2023,Gurgaon,Average,0,15492457
48,2417,5,4,2,2017,Noida,Good,1,9770659
49,1559,4,1,2,1994,Noida,Average,0,18901100
50,2208,4,2,2,2000,Gurgaon,Good,0,9350436
51,1521,3,4,2,2023,Noida,Average,0,15033741
52,3005,4,2,1,2015,Noida,Good,1,11051995
53,2535,1,1,3,1997,Noida,Poor,1,3796733
54,1330,2,2,3,1997,Gurgaon,Good,0,15822141
55,3783,2,4,3,2016,Noida,Poor,1,2293200
56,3465,4,4,2,2017,Noida,Good,1,17970760
57,1592,5,2,2,1994,Gurgaon,Good,0,11410172
58,3905,3,4,2,2023,Delhi,Average,0,2796058
59,4181,3,4,1,2005,Gurgaon,Good,0,4804959
60,1939,3,1,1,2001,Delhi,Good,0,5434002
61,3671,5,3,1,1995,Delhi,Good,1,3222841
62,1210,3,3,3,2022,Delhi,Average,1,15823115
63,4398,4,2,3,2000,Noida,Poor,1,19502596
64,2170,3,2,3,1994,Gurgaon,Average,0,11968730
65,4943,4,2,3,1998,Delhi,Poor,1,15448147
66,2120,3,3,2,2019,Gurgaon,Average,1,4500031
67,2266,2,4,2,2012,Gurgaon,Good,1,10024438
68,4388,4,4,1,1991,Noida,Average,1,8293146
69,1516,3,2,3,1992,Noida,Good,0,15139923
70,3406,1,1,1,1995,Noida,Average,0,19369925
71,3008,4,3,2,2009,Noida,Good,1,18392286
72,3539,1,1,1,2002,Noida,Average,1,11992007
73,1023,3,2,2,1995,Gurgaon,Average,1,10535773
74,3668,3,4,2,2008,Gurgaon,Average,1,3621417
75,1257,1,3,1,2006,Delhi,Poor,1,5213190
76,3891,1,1,2,2018,Delhi,Good,1,16627556
77,761,2,3,2,1999,Delhi,Average,0,10753726
78,4308,1,4,1,2011,Delhi,Poor,1,16405003
79,1046,4,2,1,1993,Noida,Poor,0,4290440
80,3467,3,4,3,2010,Noida,Good,1,10533463
81,2548,4,4,1,2003,Noida,Average,1,9251056
82,2839,2,1,2,2002,Delhi,Average,1,19270609
83,3914,1,4,2,2007,Noida,Poor,1,9733977
84,3588,3,2,2,1994,Noida,Good,1,19997996
85,1942,4,3,1,2015,Noida,Average,0,9695213
86,984,1,2,1,2004,Noida,Poor,0,10970793
87,4097,4,4,3,2022,Delhi,Poor,1,10067883
88,3703,1,4,3,2005,Delhi,Poor,0,18139956
89,3770,4,4,2,1991,Delhi,Poor,0,7449175
90,3765,1,2,1,1999,Delhi,Average,0,2720566
91,2243,4,3,1,2016,Delhi,Average,1,13693065
92,2791,4,3,2,2002,Noida,Poor,1,6498860
93,720,1,3,2,2011,Delhi,Average,1,17819183
94,2094,5,2,1,1990,Delhi,Average,1,6348837
95,3842,3,4,2,2017,Gurgaon,Good,1,9465705
96,3284,5,1,2,2010,Gurgaon,Good,0,10578978
97,911,5,1,1,2005,Noida,Poor,1,17185146
98,2932,5,1,2,2013,Delhi,Good,1,4491225
99,1859,4,4,2,1993,Noida,Poor,1,8418829
100,3594,2,3,3,2005,Noida,Average,0,15208615
101,4444,5,2,1,2000,Gurgaon,Poor,0,17281603
102,3742,2,1,1,1994,Delhi,Average,0,10388564
103,4846,1,4,1,1992,Noida,Good,1,7967992
104,3431,2,2,2,2020,Noida,Poor,0,3215352
105,722,5,1,1,2015,Noida,Poor,1,12325051
106,4075,2,4,1,2010,Delhi,Poor,1,9837666
107,2510,1,4,2,1992,Noida,Average,0,17076797
108,879,2,2,1,2013,Gurgaon,Poor,1,2451436
109,1090,2,2,2,1991,Gurgaon,Average,0,5096174
110,2049,5,2,2,2010,Noida,Good,0,5688105
111,4646,2,3,3,2015,Noida,Poor,1,9048247
112,1654,5,4,3,2022,Gurgaon,Good,0,6997070
113,1762,3,1,2,2019,Noida,Average,1,10066891
114,2207,5,1,1,2001,Delhi,Average,0,6510270
115,2068,1,4,1,2015,Delhi,Poor,0,13729252
116,4503,1,1,3,2017,Gurgaon,Average,1,4096292
117,1757,2,1,2,1993,Delhi,Poor,1,12950991
118,2767,3,2,1,1996,Gurgaon,Good,0,16710847
119,2380,3,4,1,2002,Noida,Good,0,16916352
120,1200,1,3,3,1995,Delhi,Average,0,12470365
121,4959,3,2,1,2008,Delhi,Poor,1,17552166
122,4972,3,4,3,1993,Noida,Good,1,3580016
123,1143,3,1,3,2017,Delhi,Good,0,9109715
124,673,3,2,3,2023,Delhi,Good,1,7297363
125,4419,3,3,3,1998,Noida,Poor,1,6673990
126,4784,5,4,1,1990,Noida,Average,1,4234979
127,909,5,3,1,2017,Noida,Average,0,16654729
128,2794,5,3,2,2017,Noida,Good,1,7587520
129,1040,1,4,2,2005,Delhi,Poor,1,9954163
130,4131,2,1,2,1995,Delhi,Poor,1,13179076
131,4934,1,1,3,2005,Delhi,Good,0,9823951
132,2591,1,3,3,2018,Noida,Poor,1,19904729
133,1439,1,4,1,2000,Delhi,Good,0,12825088
134,652,1,1,3,2002,Noida,Poor,1,6962123
135,2826,4,2,3,2015,Noida,Poor,0,3794758
136,1721,4,3,1,2015,Noida,Good,0,7336583
137,3923,4,4,3,2002,Delhi,Poor,0,10060381
138,786,2,3,1,1992,Gurgaon,Good,0,19859949
139,2472,2,2,1,1994,Delhi,Good,1,2196768
140,2440,1,4,3,2010,Gurgaon,Average,0,17301010
141,4709,1,2,2,2020,Delhi,Good,1,2087156
142,1004,3,2,2,1992,Noida,Good,1,14529389
143,2270,1,3,3,1992,Noida,Good,1,9922976
144,3328,5,2,1,2013,Noida,Poor,1,5613634
145,4455,4,3,3,2001,Delhi,Average,0,7277245
146,2943,4,2,1,1995,Delhi,Average,0,17181922
147,863,5,4,3,2013,Gurgaon,Average,1,17726068
148,1256,1,1,3,2021,Noida,Good,0,9579408
149,2636,3,3,1,1997,Gurgaon,Good,0,3977126
150,3654,3,2,1,2023,Noida,Average,0,14469369
151,3971,1,2,2,2016,Delhi,Average,1,19136193
152,4736,3,2,3,2008,Noida,Average,1,8529874
153,2905,2,1,3,2020,Noida,Average,1,5623783
154,888,1,2,2,1996,Noida,Good,0,13204612
155,1688,4,4,1,2013,Delhi,Average,1,15535344
156,2981,4,2,3,2012,Gurgaon,Good,1,4175802
157,2582,1,4,2,1998,Noida,Average,1,6159730
158,1927,2,3,2,1991,Delhi,Average,0,14895497
159,4169,5,4,3,2020,Delhi,Good,0,10921152
160,3340,1,1,3,2021,Noida,Average,0,4303097
161,3688,1,3,1,2018,Gurgaon,Good,1,2865668
162,4581,4,3,3,1999,Delhi,Good,0,3420045
163,4720,3,1,2,1991,Gurgaon,Good,0,6465057
164,645,5,1,1,2019,Gurgaon,Average,0,8066305
165,4921,2,1,3,1993,Noida,Average,0,11938237
166,4238,1,2,2,2009,Gurgaon,Poor,0,12805101
167,663,3,2,3,2019,Noida,Average,1,6028792
168,4458,1,2,3,1997,Gurgaon,Poor,0,4781795
169,896,1,4,3,1990,Noida,Good,0,3652531
170,3554,1,4,3,2003,Gurgaon,Poor,0,6899398
171,995,2,2,3,2008,Delhi,Good,1,12185259
172,748,5,3,3,2019,Delhi,Good,1,19464766
173,3222,1,4,1,2005,Noida,Poor,0,3954874
174,4815,5,1,1,2005,Noida,Good,1,18560400
175,1444,2,2,3,2022,Noida,Average,0,18548272
176,2667,3,3,1,2023,Gurgaon,Average,1,14129340
177,649,1,1,1,2013,Gurgaon,Average,0,12806232
178,4932,5,1,3,2003,Gurgaon,Average,0,11992348
179,1191,4,2,1,2015,Gurgaon,Average,0,19403956
180,4111,3,2,3,2023,Gurgaon,Good,1,7191083
181,2384,5,3,2,2010,Noida,Good,1,6228775
182,3081,3,1,3,1990,Delhi,Poor,1,14685238
183,2131,4,4,1,2014,Delhi,Poor,1,14443681
184,1804,3,2,1,2018,Gurgaon,Average,0,8942871
185,2208,2,1,2,1996,Noida,Good,1,12528037
186,1926,3,2,1,2019,Gurgaon,Poor,1,19471308
187,1791,5,4,1,2005,Noida,Good,1,8797351
188,4478,2,2,3,2019,Delhi,Average,1,8716916
189,1463,5,2,3,1998,Delhi,Poor,1,13196789
190,3963,3,1,3,2017,Delhi,Poor,0,2325078
191,3160,4,2,1,2022,Delhi,Poor,0,16575578
192,2063,5,4,1,2006,Noida,Poor,0,7975597
193,4140,4,3,1,1998,Delhi,Good,1,11825766
194,1247,5,2,1,1990,Delhi,Average,0,14281029
195,2555,5,3,1,1992,Gurgaon,Poor,0,7816647
196,3188,4,1,2,2003,Delhi,Poor,1,7196616
197,3172,3,3,3,1996,Delhi,Good,0,15154442
198,575,1,4,3,2021,Delhi,Poor,1,3363103
199,3883,5,2,1,1993,Noida,Poor,1,12885782
200,4870,1,4,1,2020,Gurgaon,Average,0,8842418
201,699,2,3,2,2003,Gurgaon,Average,1,10313029
202,2842,4,1,1,2023,Delhi,Poor,1,6346863
203,1905,4,3,3,1993,Delhi,Good,1,19509722
204,4305,1,3,2,2018,Delhi,Average,1,9530091
205,1113,3,3,2,2013,Delhi,Poor,1,8536108
206,2551,5,3,1,2003,Delhi,Poor,0,9141878
207,1560,1,3,1,2015,Delhi,Good,1,10168294
208,1952,4,1,3,2012,Delhi,Average,0,12467625
209,1639,3,1,3,2006,Gurgaon,Good,0,15957603
210,4242,2,3,1,2013,Noida,Average,0,16438341
211,2131,4,1,3,2000,Delhi,Average,0,12566888
212,2854,3,1,2,2015,Delhi,Good,1,3011153
213,1826,5,3,3,1992,Gurgaon,Poor,0,11969938
214,2780,5,1,3,1995,Delhi,Poor,0,7278307
215,3051,3,1,2,2003,Gurgaon,Good,1,5863301
216,3556,2,3,1,1990,Gurgaon,Good,0,9068466
217,2347,2,2,2,2001,Delhi,Average,1,17944852
218,3836,3,3,3,2002,Noida,Average,0,7420049
219,1106,5,4,2,1990,Delhi,Average,1,12801895
220,3660,3,1,2,1999,Gurgaon,Average,1,6955763
221,1982,5,2,1,2020,Gurgaon,Good,1,19194157
222,1942,5,2,1,2015,Noida,Good,1,9659754
223,2217,5,4,1,2014,Delhi,Average,0,17018726
224,2002,2,4,3,2011,Gurgaon,Average,1,19889917
225,3906,3,2,2,2018,Delhi,Average,0,5827793
226,2996,3,3,2,1995,Gurgaon,Poor,0,10970321
227,4531,1,2,1,1990,Noida,Average,1,17354291
228,1710,3,2,2,2002,Noida,Good,1,8063120
229,738,5,1,2,2010,Delhi,Average,0,18666594
230,1089,2,4,3,2011,Noida,Average,0,9690782
231,552,1,2,2,2020,Delhi,Average,0,11289253
232,4416,2,4,3,1994,Noida,Average,1,3597131
233,4572,2,1,1,2013,Noida,Good,1,3472459
234,3909,4,3,3,2011,Noida,Good,0,7875579
235,894,2,4,1,2012,Gurgaon,Average,0,5439309
236,4714,4,1,1,1991,Noida,Average,1,7229330
237,1160,3,3,3,2009,Gurgaon,Poor,1,19839793
238,565,2,3,3,2013,Gurgaon,Average,1,16377176
239,3924,5,1,3,2001,Gurgaon,Poor,0,11854164
240,3946,5,2,3,2022,Delhi,Poor,1,10374920
241,3944,2,2,3,2008,Noida,Poor,0,10818287
242,2519,4,1,3,1999,Delhi,Good,0,3069774
243,1446,3,1,2,2010,Noida,Average,1,13046863
244,4630,5,2,3,1992,Noida,Good,0,3935103
245,4312,4,1,1,2007,Delhi,Poor,1,11001523
246,4080,5,3,2,2014,Delhi,Poor,1,15049145
247,1771,5,1,2,1997,Noida,Good,1,11435728
248,3673,2,3,1,1991,Noida,Average,0,5421153
249,4152,5,3,1,2016,Delhi,Average,0,18785966
250,2526,3,3,1,2004,Gurgaon,Poor,0,15662229
251,526,3,1,2,2019,Delhi,Good,1,4595770
252,3830,2,2,3,1998,Gurgaon,Good,0,8979451
253,4575,3,3,1,1995,Gurgaon,Average,1,6676921
254,1194,1,1,3,2018,Delhi,Poor,1,11539333
255,1128,4,4,3,1999,Noida,Poor,1,5686463
256,3803,3,4,2,2016,Delhi,Good,0,17660127
257,3099,5,3,3,1997,Noida,Good,1,15966056
258,2319,4,2,3,2020,Delhi,Good,0,9393349
259,4983,3,4,2,2022,Delhi,Average,1,14264177
260,2052,1,3,1,2019,Delhi,Average,1,5479927
261,3566,5,3,3,2014,Gurgaon,Average,1,3682822
262,3500,1,4,2,2007,Gurgaon,Average,0,9970628
263,1337,4,1,2,2005,Delhi,Good,1,5545386
264,2186,4,2,3,2014,Noida,Good,1,2546422
265,2224,3,2,2,1990,Delhi,Poor,0,2136198
266,2294,4,3,2,1991,Noida,Poor,0,9809257
267,2759,3,2,3,2006,Noida,Poor,0,10070155
268,3475,1,3,1,2016,Gurgaon,Average,1,15609501
269,607,2,3,1,1996,Gurgaon,Average,0,18481063
270,2253,1,4,3,1994,Delhi,Average,0,7272321
271,1137,4,2,1,2016,Delhi,Good,0,17564035
272,4717,4,2,1,2009,Delhi,Good,0,10767124
273,623,5,2,1,1995,Gurgaon,Average,1,5142788
274,2828,4,3,1,1990,Noida,Average,1,10039165
275,1662,5,4,3,2000,Delhi,Poor,0,4720289
276,4707,5,2,1,2020,Gurgaon,Good,1,14654267
277,1396,5,3,2,2019,Delhi,Poor,0,18339100
278,1648,5,2,1,2016,Gurgaon,Poor,1,3736452
279,1072,2,1,1,1995,Delhi,Average,1,3758113
280,3025,2,1,1,2022,Gurgaon,Good,1,12632554
281,1005,4,1,3,2003,Delhi,Poor,0,10035024
282,1103,4,3,3,2017,Noida,Poor,0,7099463
283,2466,3,2,3,2021,Noida,Poor,0,11167486
284,2291,1,2,1,2021,Delhi,Good,1,4909829
285,4678,5,3,2,2021,Delhi,Average,1,6034286
286,1931,4,3,2,2003,Delhi,Average,0,5773037
287,3611,4,1,1,2003,Noida,Good,1,8613128
288,2240,4,1,3,2016,Gurgaon,Average,1,9370658
289,1125,3,2,2,1993,Delhi,Poor,1,6889209
290,1211,3,2,1,1998,Gurgaon,Poor,0,3233822
291,4579,1,1,1,1992,Gurgaon,Good,1,10614008
292,1514,5,1,2,2014,Gurgaon,Average,0,12128617
293,4503,3,2,3,2022,Noida,Good,1,13860407
294,3454,1,1,1,2006,Delhi,Good,0,4734364
295,1474,1,3,2,1995,Delhi,Poor,1,13651909
296,1408,4,1,2,2017,Noida,Average,0,6531751
297,2587,1,2,2,2018,Delhi,Good,0,13352967
298,3918,4,1,3,1993,Gurgaon,Good,0,19518716
299,4835,4,1,2,2016,Delhi,Average,1,6312881
300,1364,4,1,3,2007,Noida,Good,1,18623881
301,4460,3,1,3,2008,Gurgaon,Poor,0,11106339
302,4341,4,4,1,2004,Delhi,Poor,1,18884930
303,3405,5,1,1,1999,Delhi,Poor,0,14874871
304,1786,1,4,3,1993,Noida,Good,0,5954315
305,1550,1,4,3,1996,Delhi,Average,0,3812418
306,3108,5,4,1,1998,Gurgaon,Average,0,7336214
307,2840,2,3,2,2021,Noida,Average,0,2248902
308,1947,1,2,2,2006,Noida,Poor,0,7511274
309,1519,3,3,1,1996,Delhi,Poor,1,6284872
310,1953,4,2,1,2017,Delhi,Poor,1,14723677
311,955,4,3,3,2005,Noida,Good,1,10744229
312,1565,3,3,1,1994,Gurgaon,Poor,0,13115080
313,2216,3,4,1,2002,Gurgaon,Good,0,13907290
314,4781,3,3,3,2000,Gurgaon,Poor,0,7705199
315,997,2,3,1,2020,Noida,Average,0,7480171
316,4531,1,1,2,1997,Gurgaon,Good,1,9352312
317,1126,4,1,2,2004,Delhi,Good,0,8906858
318,3370,3,1,3,1990,Delhi,Poor,1,2890995
319,3223,4,3,2,2004,Gurgaon,Good,0,11239575
320,985,5,2,3,2005,Gurgaon,Poor,0,13755507
321,1093,1,2,1,1992,Noida,Poor,1,2296336
322,2965,3,1,3,2002,Gurgaon,Average,1,2240580
323,1970,3,4,3,2008,Delhi,Poor,0,4331118
324,2375,3,1,1,1998,Noida,Poor,1,15453686
325,3065,2,4,2,2018,Gurgaon,Poor,0,18501217
326,3976,1,2,2,1996,Noida,Average,1,2476727
327,4379,3,4,3,1998,Delhi,Average,0,10203113
328,2249,5,1,1,1991,Gurgaon,Poor,1,12719686
329,4101,5,3,3,1997,Delhi,Poor,1,5241279
330,3002,5,3,3,2004,Gurgaon,Average,1,4645608
331,4033,4,4,3,1994,Gurgaon,Good,1,15810483
332,4172,3,3,1,2004,Noida,Average,0,3249621
333,4765,3,1,2,2012,Gurgaon,Poor,0,13846986
334,1849,4,3,3,2009,Gurgaon,Good,1,17687892
335,819,5,4,2,2012,Delhi,Poor,1,8184469
336,605,2,4,3,2008,Delhi,Poor,0,8624302
337,3145,1,2,2,1996,Noida,Average,0,4606496
338,777,3,1,3,2003,Noida,Average,0,18596137
339,594,5,2,1,2005,Noida,Good,1,5745606
340,4168,2,3,3,2019,Noida,Average,0,17806624
341,1372,5,4,3,2018,Gurgaon,Poor,1,11617278
342,4121,5,4,2,2017,Noida,Good,1,7327862
343,4091,3,2,1,2006,Gurgaon,Average,1,19364630
344,3169,4,4,3,2015,Gurgaon,Poor,1,19462639
345,3415,5,4,3,2020,Gurgaon,Average,1,4033697
346,4494,3,3,3,1997,Noida,Average,1,2464404
347,4127,3,1,1,2009,Noida,Good,1,5732798
348,4720,3,2,2,2005,Delhi,Poor,1,9972030
349,831,4,2,2,2021,Delhi,Average,0,14925274
350,1779,2,2,1,2004,Gurgaon,Poor,1,4913724
351,3599,1,1,2,2002,Gurgaon,Average,0,19239002
352,3339,2,2,3,2001,Delhi,Good,1,19665524
353,4028,5,1,3,1991,Noida,Good,1,4006758
354,852,2,2,2,1996,Delhi,Average,0,17265845
355,1047,2,3,3,1995,Delhi,Good,0,15601377
356,2603,5,2,2,2023,Gurgaon,Good,1,18685954
357,1294,5,2,2,1993,Gurgaon,Poor,1,9213182
358,3085,1,3,1,1990,Gurgaon,Poor,0,2476794
359,2990,2,1,1,1999,Delhi,Poor,1,16822798
360,3042,3,3,1,2016,Noida,Average,0,13501932
361,2236,3,1,3,2020,Gurgaon,Poor,0,2578520
362,4855,1,4,1,2022,Gurgaon,Good,1,7476173
363,3346,3,2,3,2022,Gurgaon,Average,0,16255926
364,2156,1,4,3,1997,Gurgaon,Poor,0,8406926
365,3205,2,3,2,2014,Gurgaon,Average,0,5354702
366,813,5,3,3,2001,Delhi,Average,1,3482618
367,2276,2,1,1,1999,Delhi,Good,0,18157596
368,4408,2,4,1,2020,Noida,Average,1,11305683
369,4819,5,1,1,2016,Delhi,Poor,1,12029823
370,3869,5,3,1,1996,Noida,Average,1,16237955
371,1252,1,4,2,2018,Noida,Good,1,16163515
372,2553,3,3,3,1999,Gurgaon,Average,0,2840084
373,612,5,4,1,1996,Gurgaon,Average,1,15882572
374,1921,1,4,2,2007,Noida,Poor,0,16668951
375,4979,4,1,3,2019,Gurgaon,Poor,1,5714318
376,4493,2,4,3,1992,Delhi,Poor,0,12595588
377,1273,3,2,2,2006,Gurgaon,Good,1,14118465
378,1228,2,3,1,2002,Gurgaon,Average,1,5226172
379,2916,2,4,2,1995,Delhi,Poor,0,13740710
380,3021,5,1,2,2010,Noida,Poor,0,18147850
381,1133,5,3,1,2014,Gurgaon,Poor,0,9936268
382,1078,5,1,2,2007,Noida,Good,0,16858753
383,1938,1,1,1,2021,Noida,Average,0,6149548
384,3171,2,3,3,2003,Delhi,Average,0,13068469
385,4893,3,2,1,2002,Gurgaon,Average,0,5775160
386,4330,2,2,3,2003,Gurgaon,Poor,1,2606205
387,796,2,1,2,2019,Noida,Poor,1,12935663
388,2003,4,3,1,2004,Gurgaon,Good,1,9920217
389,3539,4,2,3,2003,Delhi,Poor,1,4446267
390,3873,3,3,3,1995,Noida,Poor,1,14012135
391,4436,5,4,1,2012,Noida,Good,1,3630362
392,1168,1,2,3,2017,Delhi,Good,0,8075590
393,1309,5,4,1,2006,Gurgaon,Poor,1,12739762
394,3263,3,2,2,1994,Noida,Good,1,10971219
395,952,2,3,3,1992,Noida,Poor,0,9242333
396,4187,5,1,1,1997,Noida,Average,1,3672756
397,4163,4,4,3,2001,Delhi,Good,1,10248961
398,4793,2,1,2,2015,Delhi,Average,0,14501190
399,2085,1,3,3,2014,Noida,Poor,0,9425516
400,1425,3,2,2,2012,Gurgaon,Good,0,19411377
401,584,3,4,2,2017,Gurgaon,Good,1,15921660
402,3101,2,3,3,2021,Gurgaon,Average,0,16867215
403,1189,5,3,1,2002,Gurgaon,Good,1,3845735
404,4141,1,3,2,2001,Delhi,Poor,1,16571351
405,3098,3,1,1,2002,Gurgaon,Poor,1,4770426
406,4831,1,2,3,2005,Delhi,Poor,0,14670660
407,778,3,2,3,2023,Noida,Good,0,6149178
408,1055,5,4,1,1999,Delhi,Poor,1,15828937
409,684,5,3,3,1996,Gurgaon,Poor,1,15580101
410,3980,3,1,2,2012,Gurgaon,Poor,0,12889056
411,1822,5,4,2,1993,Gurgaon,Good,1,3244814
412,4096,2,4,2,2019,Gurgaon,Average,1,18127420
413,759,1,3,2,2022,Gurgaon,Good,1,9707770
414,4869,3,1,2,2015,Gurgaon,Poor,0,11424177
415,2483,3,4,3,2007,Noida,Good,1,15510859
416,1541,5,3,1,2013,Delhi,Good,0,10542352
417,2907,3,1,2,2010,Noida,Average,0,10288412
418,873,3,1,1,2015,Delhi,Average,0,18031289
419,3674,4,4,1,2001,Gurgaon,Good,1,8738686
420,1381,4,3,2,1994,Delhi,Good,0,12328072
421,4135,3,2,3,2011,Gurgaon,Good,1,11804240
422,2931,2,4,3,1994,Noida,Good,1,13021051
423,563,3,1,3,2011,Noida,Poor,0,13858362
424,2500,1,1,1,2007,Gurgaon,Poor,1,8758251
425,1930,5,4,3,2003,Delhi,Good,1,13669924
426,3271,1,3,1,2003,Gurgaon,Good,1,16948969
427,3403,1,3,3,2010,Noida,Average,0,17493777
428,2482,3,4,1,2004,Noida,Average,1,16862165
429,3170,2,2,3,2017,Noida,Poor,0,3632007
430,4367,1,3,3,2010,Gurgaon,Average,0,10416753
431,4646,3,3,3,2015,Noida,Good,0,7393966
432,3298,5,4,2,1997,Noida,Poor,1,17965976
433,2573,4,4,2,2007,Gurgaon,Good,0,18319278
434,1481,5,2,2,2004,Gurgaon,Poor,1,11693367
435,4227,1,4,1,2003,Noida,Average,0,3404336
436,3168,3,1,3,2009,Gurgaon,Average,1,15155042
437,3959,5,3,2,2017,Delhi,Good,1,8723431
438,3131,4,3,1,2016,Gurgaon,Good,1,17258894
439,1711,5,3,3,1996,Noida,Good,1,18842937
440,1923,4,3,2,2010,Noida,Good,0,9611253
441,2617,2,1,1,2010,Gurgaon,Good,0,15295818
442,3327,3,1,3,2016,Noida,Good,1,7490308
443,3293,4,1,2,2015,Noida,Poor,0,3432465
444,3265,5,2,2,1995,Delhi,Good,0,5346544
445,2052,4,3,3,2022,Gurgaon,Poor,0,12315876
446,3270,3,4,3,2011,Delhi,Poor,0,13253818
447,3786,5,3,3,2011,Noida,Good,1,7612351
448,4148,2,3,2,2014,Delhi,Good,0,16632234
449,4476,4,4,2,1999,Delhi,Good,0,17942908
450,1496,1,4,1,1998,Gurgaon,Good,1,6092775
451,2265,3,4,3,2021,Delhi,Poor,0,11794040
452,4954,3,1,1,2001,Noida,Poor,0,19859978
453,1830,3,1,1,2022,Delhi,Good,1,9243354
454,2407,5,4,3,2015,Noida,Average,1,14332604
455,2539,4,3,2,2009,Delhi,Average,0,18696918
456,3308,5,1,2,2000,Gurgaon,Average,0,13269321
457,2271,2,3,3,2016,Delhi,Good,0,9566484
458,4659,4,2,3,1992,Delhi,Average,0,15940042
459,1955,3,3,2,1997,Gurgaon,Average,1,17660775
460,1140,3,4,1,1994,Noida,Average,0,11177779
461,4321,5,2,1,2003,Noida,Good,0,6338338
462,3408,1,3,2,2019,Noida,Average,1,13668921
463,1213,3,2,1,1994,Delhi,Poor,1,10086851
464,4724,3,1,3,2006,Noida,Average,0,16809530
465,2086,4,4,3,2005,Gurgaon,Average,0,6280329
466,3569,5,3,3,1990,Gurgaon,Poor,0,10822230
467,626,3,3,3,1998,Gurgaon,Average,1,9451061
468,932,5,3,3,2010,Delhi,Average,0,17198240
469,860,5,4,1,2016,Noida,Good,0,7352255
470,2851,3,4,3,2008,Gurgaon,Poor,0,14624206
471,4925,4,4,1,1997,Noida,Poor,0,4362390
472,3138,1,2,3,2004,Noida,Good,1,13944566
473,4475,4,2,1,1994,Delhi,Poor,0,19178561
474,1688,5,1,1,2018,Delhi,Poor,1,16352257
475,3542,1,3,1,2004,Delhi,Good,0,17953042
476,1183,5,4,3,2023,Noida,Average,0,19834644
477,997,2,4,3,2004,Gurgaon,Good,1,9461291
478,959,3,4,3,2013,Noida,Average,1,10327646
479,1683,3,1,2,2015,Delhi,Good,1,18952958
480,3413,2,2,3,2012,Gurgaon,Poor,1,17518358
481,4355,2,1,3,2009,Delhi,Good,1,6748305
482,3823,4,3,1,2002,Noida,Average,0,15659599
483,605,2,1,3,1990,Gurgaon,Poor,0,9611815
484,4525,5,2,2,2010,Gurgaon,Good,1,19069231
485,3104,5,4,1,2007,Delhi,Poor,0,18439040
486,1354,3,3,3,2021,Delhi,Poor,0,14591020
487,3090,3,4,1,1999,Delhi,Good,0,6885823
488,1055,3,2,3,1999,Noida,Average,1,12967331
489,624,1,2,3,2007,Gurgaon,Good,1,19777937
490,2358,2,1,1,2005,Delhi,Poor,1,3388472
491,3629,3,1,1,1996,Noida,Poor,0,12649739
492,4775,5,3,2,2021,Delhi,Average,0,16071493
493,2172,5,3,1,1992,Delhi,Average,0,17222305
494,1177,4,4,1,1990,Noida,Average,0,16605085
495,736,4,4,2,2009,Delhi,Average,0,13853978
496,3061,2,1,2,2012,Noida,Good,0,3814499
497,2770,1,2,3,2003,Noida,Average,1,18577628
498,4807,3,3,1,2003,Noida,Good,1,16721472
499,3957,2,2,3,2022,Gurgaon,Average,1,6190928
500,838,5,3,1,2023,Delhi,Average,1,14587715
501,609,3,3,1,2001,Noida,Average,1,4565090
502,4513,3,4,2,2005,Delhi,Poor,0,10906209
503,4210,4,1,2,1994,Delhi,Poor,1,12783360
504,2759,4,2,3,2022,Noida,Good,0,12747024
505,1357,1,4,3,1993,Gurgaon,Average,1,5286057
506,3611,4,2,2,1992,Delhi,Poor,0,5738565
507,3224,4,3,3,2002,Delhi,Average,0,14323254
508,1688,1,1,1,2003,Noida,Poor,1,9458681
509,3975,5,4,2,1991,Delhi,Poor,0,16371036
510,1334,4,4,1,2010,Gurgaon,Poor,0,12447581
511,4034,4,3,3,2017,Delhi,Good,0,7126422
512,1635,3,3,2,2000,Delhi,Good,1,10730094
513,2807,4,3,2,1995,Delhi,Average,1,14437054
514,616,5,1,1,2003,Noida,Good,0,4915891
515,3585,5,3,1,2006,Gurgaon,Good,1,3289241
516,1791,3,4,3,2009,Delhi,Poor,1,11688456
517,3811,2,1,3,2005,Delhi,Average,0,10442672
518,2112,4,4,3,2023,Noida,Poor,0,15930002
519,4918,4,4,1,2014,Gurgaon,Poor,1,17579294
520,3996,3,2,2,1992,Delhi,Good,0,15581271
521,3967,3,2,2,2017,Delhi,Poor,1,9900168
522,4885,5,3,2,2000,Delhi,Good,0,6120550
523,2426,5,2,2,2023,Noida,Poor,1,14559655
524,1321,2,3,2,1999,Delhi,Poor,0,4313403
525,4355,5,2,2,2023,Noida,Poor,1,13909309
526,1319,5,3,3,1996,Noida,Poor,0,19204566
527,4510,4,4,2,2016,Delhi,Poor,0,17945426
528,3170,5,1,2,2005,Delhi,Poor,0,5827690
529,4582,5,1,3,2021,Gurgaon,Poor,1,6066736
530,3268,3,4,3,2011,Gurgaon,Poor,1,3317521
531,4779,1,3,3,2021,Delhi,Average,1,2652451
532,1720,5,4,1,2018,Noida,Average,1,6901529
533,4517,2,4,1,2010,Gurgaon,Good,1,5790405
534,2839,4,3,3,2002,Noida,Good,0,7340665
535,1991,2,1,3,1999,Noida,Good,0,5029299
536,3405,5,4,3,1993,Gurgaon,Average,1,19583597
537,3728,2,1,3,2009,Noida,Average,1,6356405
538,4028,3,4,1,2003,Delhi,Poor,1,9117712
539,4617,4,1,3,1990,Delhi,Average,0,5765601
540,850,4,3,2,2023,Noida,Average,1,8452034
541,1439,3,3,1,2009,Delhi,Good,1,19645666
542,1916,1,4,3,1990,Gurgaon,Good,1,5628232
543,2692,5,3,1,2021,Noida,Average,0,7327819
544,1751,2,4,2,1994,Gurgaon,Poor,0,10464456
545,589,5,2,3,2000,Gurgaon,Poor,1,19786485
546,3404,2,4,3,1992,Delhi,Poor,1,9806925
547,1150,4,1,1,1997,Delhi,Good,1,11800135
548,4155,3,4,1,1992,Gurgaon,Average,1,11036388
549,3047,1,1,3,2007,Noida,Poor,0,9168552
550,4102,1,3,1,2003,Gurgaon,Good,1,7999017
551,1810,1,3,1,2014,Delhi,Poor,0,10016900
552,3866,3,1,2,2000,Noida,Good,0,19943133
553,1075,1,1,1,2009,Gurgaon,Good,0,13979032
554,2876,5,2,2,1991,Noida,Average,1,6272181
555,2195,4,3,1,2018,Delhi,Good,1,6795256
556,4914,5,3,1,1998,Delhi,Average,1,9044802
557,2510,5,2,2,1995,Noida,Good,1,6142754
558,2937,5,1,3,2023,Delhi,Average,0,18394794
559,732,3,4,3,1990,Noida,Average,1,3845342
560,1273,2,3,2,2019,Delhi,Good,1,13363044
561,974,2,2,3,2011,Gurgaon,Poor,0,6541355
562,726,4,3,3,1991,Noida,Good,1,17779385
563,638,2,2,3,2012,Gurgaon,Poor,0,5188166
564,3452,2,1,2,2009,Gurgaon,Average,0,17471187
565,4457,5,4,1,2017,Delhi,Average,1,17141861
566,4063,3,4,3,2021,Delhi,Average,0,3990275
567,2485,1,2,3,2007,Delhi,Average,0,12145494
568,713,1,2,2,2001,Noida,Good,0,18254509
569,3633,3,4,1,1991,Delhi,Poor,0,19361899
570,2339,4,2,1,2016,Noida,Good,0,7448723
571,3858,4,2,3,1996,Delhi,Poor,1,11816425
572,1248,2,3,1,2000,Noida,Average,0,7270882
573,3178,2,2,1,1998,Gurgaon,Average,0,8762761
574,1451,3,3,1,1993,Noida,Average,0,13840622
575,828,4,1,2,1993,Delhi,Poor,0,5803407
576,950,4,4,2,2016,Delhi,Average,0,2334710
577,3595,2,4,1,2003,Noida,Poor,1,6556406
578,2831,5,4,2,2000,Noida,Good,1,2751257
579,4629,4,1,1,1996,Noida,Average,1,12602390
580,4451,4,2,2,1995,Delhi,Good,0,15722046
581,1224,2,4,2,2006,Delhi,Average,1,12950076
582,1220,3,4,2,2017,Noida,Good,1,13845056
583,2726,2,2,2,1998,Noida,Poor,0,2175118
584,2729,3,2,3,2009,Gurgaon,Good,1,10042793
585,558,3,2,3,2007,Delhi,Average,0,17793812
586,3251,5,4,3,2020,Noida,Poor,0,12672668
587,4182,2,3,3,2004,Noida,Good,1,3302308
588,2057,1,3,1,2001,Noida,Good,1,9623850
589,3790,2,2,3,2004,Gurgaon,Poor,1,17503477
590,3587,1,3,2,2010,Gurgaon,Poor,1,16115808
591,3292,5,1,3,2000,Gurgaon,Poor,1,5544584
592,4134,2,2,2,2005,Gurgaon,Average,0,19018461
593,3687,1,1,1,2016,Gurgaon,Average,0,8889983
594,3337,5,1,2,2004,Gurgaon,Good,1,14205076
595,3636,5,2,2,2010,Delhi,Good,0,14614684
596,2274,5,2,1,2012,Noida,Good,1,16543065
597,3923,5,3,1,1991,Noida,Average,0,9156402
598,2506,5,4,3,2016,Noida,Poor,1,4568891
599,2766,3,1,2,1995,Delhi,Poor,0,2043703
600,3748,1,4,2,2017,Gurgaon,Average,1,15824756
601,2253,4,1,3,1990,Delhi,Good,1,2251365
602,2850,3,1,1,2013,Delhi,Poor,0,7799130
603,2240,5,1,2,2004,Delhi,Good,1,18183751
604,3186,4,4,2,2017,Gurgaon,Good,0,10109325
605,3566,4,2,2,2016,Noida,Poor,1,7137458
606,2626,2,1,3,2008,Gurgaon,Poor,0,3430395
607,880,3,2,1,2021,Delhi,Poor,0,7683272
608,1278,5,2,3,2017,Gurgaon,Poor,1,16917706
609,1188,3,3,3,1997,Gurgaon,Poor,0,8236180
610,3454,4,3,3,2018,Delhi,Average,0,19453053
611,4863,2,2,1,2018,Noida,Poor,0,16113586
612,2606,3,1,2,2018,Noida,Good,1,3969396
613,3364,4,1,3,2007,Noida,Good,1,16541804
614,3384,3,4,2,1996,Delhi,Good,0,13338180
615,2554,3,2,1,2007,Noida,Average,1,6183436
616,1138,4,3,1,2012,Noida,Good,0,6487557
617,2041,2,4,3,2003,Gurgaon,Average,0,17884141
618,4200,4,3,2,1992,Gurgaon,Good,0,18701389
619,1026,4,3,1,1993,Gurgaon,Good,0,14317211
620,818,3,2,1,1998,Delhi,Average,0,13278799
621,1996,2,2,3,2022,Noida,Average,1,4074738
622,4067,4,2,3,1997,Delhi,Average,1,4984696
623,3971,4,2,1,1999,Delhi,Average,0,9025356
624,1959,4,2,1,2021,Gurgaon,Poor,0,6108941
625,3261,2,3,2,2004,Gurgaon,Average,0,5598295
626,3128,4,4,2,2013,Gurgaon,Poor,0,17943191
627,1194,4,4,2,2011,Gurgaon,Good,1,13757292
628,1864,2,1,1,2019,Gurgaon,Good,0,11976632
629,3310,1,2,3,2007,Gurgaon,Average,1,15955139
630,4673,3,3,1,1995,Delhi,Good,1,3216112
631,773,1,4,1,2001,Delhi,Good,1,5259589
632,3522,3,1,1,2003,Delhi,Poor,0,16047782
633,3779,4,2,2,2017,Noida,Poor,1,8980373
634,1956,3,1,3,2013,Gurgaon,Average,1,17335853
635,2480,5,1,3,2018,Noida,Poor,0,3557810
636,2038,2,3,2,2022,Delhi,Average,1,17371194
637,4083,4,1,1,1996,Delhi,Average,1,15972013
638,3800,3,2,1,1996,Delhi,Good,1,9505604
639,3265,4,4,2,2003,Gurgaon,Poor,1,9561695
640,4199,2,3,1,2011,Delhi,Good,0,2770557
641,3047,1,4,1,1999,Noida,Good,1,9877038
642,2772,4,4,3,2010,Delhi,Good,0,3704134
643,529,3,2,2,2019,Gurgaon,Poor,1,6711315
644,4770,1,3,1,2013,Noida,Good,1,10835197
645,2781,1,2,1,1990,Noida,Good,1,18669030
646,1350,3,1,2,2022,Noida,Poor,1,6791892
647,952,4,1,2,2020,Delhi,Average,1,12385409
648,1465,1,3,2,2023,Noida,Good,1,14019199
649,2764,5,4,2,2021,Noida,Poor,1,6020279
650,3027,5,2,1,2011,Gurgaon,Average,0,3216125
651,923,4,2,3,2023,Noida,Good,1,7579352
652,4445,3,4,3,2011,Noida,Poor,1,4741906
653,1027,1,2,2,1996,Delhi,Good,1,9227039
654,867,4,3,2,2021,Delhi,Poor,1,18976715
655,4228,2,2,3,2003,Delhi,Average,0,16857365
656,1545,1,3,2,1992,Gurgaon,Good,0,9474356
657,3881,2,1,1,1992,Delhi,Poor,1,15961567
658,1979,3,2,3,2008,Noida,Good,0,15346432
659,807,5,1,1,2010,Noida,Average,0,17487356
660,620,3,2,3,2010,Gurgaon,Average,0,8668711
661,2370,4,4,2,1996,Noida,Good,1,6933397
662,3526,3,4,3,2003,Gurgaon,Poor,1,8183425
663,2851,1,3,3,2023,Delhi,Poor,1,10873471
664,4672,4,3,2,1990,Delhi,Good,1,16244275
665,2473,1,1,1,1994,Delhi,Good,0,3461969
666,1412,1,1,2,2001,Noida,Good,0,16683230
667,4796,5,1,1,2005,Delhi,Good,0,18159576
668,1172,3,1,3,2020,Delhi,Good,1,5678319
669,4555,2,4,3,2009,Delhi,Good,1,4889923
670,4961,2,4,2,2007,Gurgaon,Good,0,19514530
671,3523,4,4,3,2011,Delhi,Good,0,11683505
672,3757,1,4,1,2016,Gurgaon,Average,0,17401258
673,3017,5,1,1,2004,Noida,Good,1,9207496
674,2757,3,3,3,2020,Gurgaon,Good,0,8580801
675,3423,1,2,3,1998,Delhi,Average,0,16314189
676,4025,4,3,2,1999,Gurgaon,Good,0,5466064
677,1912,3,3,1,2008,Delhi,Good,0,6721515
678,1312,4,2,2,1993,Noida,Average,0,12032530
679,2662,2,4,3,2002,Delhi,Good,0,10491226
680,4604,1,2,1,2017,Noida,Good,0,16393007
681,3060,1,3,3,2014,Gurgaon,Poor,0,10784502
682,3381,1,3,1,2007,Gurgaon,Poor,1,2941495
683,1532,4,2,1,2014,Delhi,Poor,1,8871919
684,3334,5,2,3,2006,Gurgaon,Average,0,12699477
685,2328,1,1,1,1999,Noida,Good,1,6150958
686,1211,3,4,1,2012,Delhi,Poor,1,16783795
687,2646,1,3,2,2004,Delhi,Average,0,15380597
688,3467,3,3,1,2009,Noida,Good,1,19476895
689,4470,1,2,3,1994,Delhi,Average,0,3392808
690,912,2,1,1,2022,Gurgaon,Average,1,8908889
691,2519,1,3,1,1997,Gurgaon,Poor,0,2678096
692,4406,2,4,2,2013,Noida,Good,0,8688091
693,3865,3,2,2,2013,Noida,Average,1,4759653
694,4096,4,2,3,2016,Delhi,Good,0,10047535
695,1969,2,1,3,2003,Noida,Good,1,3079194
696,2073,2,2,3,2018,Noida,Average,0,4894006
697,2436,2,2,2,2013,Noida,Poor,1,2935965
698,4185,2,4,1,2014,Delhi,Poor,1,7791405
699,1066,1,3,2,2003,Gurgaon,Average,1,7853297
700,4669,1,3,2,1993,Noida,Poor,1,15235406
701,1504,3,3,3,2020,Delhi,Average,1,6017197
702,4085,5,2,1,2012,Delhi,Good,0,5582230
703,1956,3,1,1,2010,Noida,Poor,0,19403473
704,2771,3,1,2,2007,Noida,Good,0,16057614
705,1865,4,2,1,2019,Gurgaon,Good,0,12859234
706,1984,3,4,3,2009,Gurgaon,Average,0,9088984
707,1040,1,4,2,2005,Delhi,Good,0,4514050
708,4735,4,4,1,2012,Noida,Poor,0,12906214
709,2635,2,4,2,2014,Delhi,Poor,0,13860659
710,1736,3,4,1,1998,Gurgaon,Good,0,11004584
711,3326,3,1,2,2021,Noida,Poor,0,3028701
712,3656,2,3,2,1995,Gurgaon,Poor,1,17963881
713,2050,3,1,3,2012,Delhi,Average,0,17923170
714,685,4,3,3,2011,Noida,Good,1,19634513
715,1502,2,2,1,2020,Delhi,Average,1,2470702
716,4544,3,2,3,2008,Delhi,Good,0,7697048
717,3609,3,2,2,2013,Gurgaon,Poor,0,8748299
718,3924,1,4,1,1991,Delhi,Average,1,6632586
719,4558,3,1,1,2006,Gurgaon,Average,1,10466272
720,2513,5,3,1,2013,Gurgaon,Average,1,7033555
721,2285,4,1,2,2012,Delhi,Poor,1,13616715
722,1458,5,2,3,2017,Delhi,Poor,1,5763281
723,2184,5,3,2,1990,Delhi,Poor,0,16985924
724,1423,1,4,2,2010,Delhi,Good,1,7793350
725,2348,5,2,2,2008,Gurgaon,Average,0,18379166
726,1727,1,2,3,2015,Gurgaon,Average,0,2919940
727,863,5,4,2,2008,Noida,Average,1,5720442
728,4620,3,4,1,2019,Delhi,Good,0,18210290
729,536,4,1,3,2002,Noida,Poor,1,12710751
730,3120,4,3,3,1999,Delhi,Average,1,4744799
731,1514,4,4,3,2015,Delhi,Good,1,6972980
732,842,1,4,3,2013,Noida,Poor,1,12800520
733,3093,4,3,1,2020,Delhi,Average,0,15528478
734,3794,4,3,2,2020,Noida,Average,1,2630979
735,4230,3,1,2,2006,Gurgaon,Good,0,13153596
736,3944,5,4,3,1997,Gurgaon,Average,1,6819396
737,4136,3,1,3,2000,Delhi,Poor,0,17944478
738,3729,5,4,3,1990,Noida,Good,1,2382042
739,1148,5,3,1,2023,Noida,Poor,1,7697294
740,1946,3,3,1,2021,Delhi,Good,1,19880506
741,742,3,4,2,2022,Noida,Average,0,16827698
742,1864,2,3,2,2003,Noida,Good,1,7294390
743,949,2,4,3,1996,Gurgaon,Poor,1,4682245
744,4516,5,2,1,1995,Gurgaon,Good,1,7045357
745,3110,5,1,1,2020,Gurgaon,Good,0,14509298
746,1137,3,4,3,2010,Noida,Good,0,18793470
747,1471,1,2,2,1995,Gurgaon,Good,0,8991309
748,618,3,3,3,2012,Gurgaon,Good,0,8039923
749,4212,2,1,3,2015,Noida,Poor,0,2382288
750,3931,5,4,3,2011,Noida,Good,1,7415471
751,4811,5,4,1,2011,Gurgaon,Average,0,6080888
752,3293,1,1,2,2013,Noida,Good,0,11062412
753,4282,1,3,2,1996,Noida,Poor,1,3186265
754,4404,4,2,2,2003,Noida,Average,0,8282453
755,2386,2,2,3,1996,Gurgaon,Good,1,3212899
756,3933,2,3,2,2011,Gurgaon,Poor,0,16741228
757,1555,3,1,3,2000,Noida,Poor,1,3118403
758,926,5,4,2,2019,Delhi,Poor,1,4238531
759,1239,5,4,1,2000,Gurgaon,Poor,1,5603923
760,4850,3,2,3,1997,Noida,Good,0,13404839
761,4532,4,4,2,1995,Noida,Average,1,19781491
762,3550,2,4,1,2002,Gurgaon,Good,0,9922126
763,3378,2,4,2,2012,Delhi,Poor,1,6545475
764,2998,3,1,3,2023,Delhi,Average,0,18921059
765,826,4,1,3,2018,Noida,Average,1,11312941
766,1038,5,1,2,1993,Delhi,Poor,0,17872697
767,2347,5,3,2,2003,Delhi,Good,0,14498167
768,1886,2,2,1,2009,Noida,Good,1,7695322
769,2989,5,3,1,2007,Gurgaon,Poor,1,16417046
770,4483,3,1,3,1995,Delhi,Average,1,12298806
771,4459,4,1,3,1995,Delhi,Good,1,9413816
772,2373,4,4,3,2013,Delhi,Good,0,11351739
773,4158,2,2,3,2011,Gurgaon,Good,0,19136634
774,3511,1,2,1,2009,Noida,Good,0,3536251
775,626,1,3,2,2003,Gurgaon,Average,1,3966058
776,2123,3,2,3,2022,Delhi,Poor,1,19917698
777,1854,1,3,3,2004,Gurgaon,Average,1,16570601
778,4139,2,1,3,2018,Noida,Good,0,10956916
779,1420,4,1,1,1999,Delhi,Poor,0,11048347
780,3776,3,1,1,2001,Delhi,Good,1,19018976
781,4380,2,1,2,2019,Gurgaon,Poor,1,7564770
782,4673,2,2,3,2002,Noida,Good,1,19237575
783,2397,5,4,3,2004,Delhi,Good,0,9991464
784,4557,5,1,1,2003,Delhi,Good,1,11666436
785,1791,5,1,3,2006,Noida,Good,1,15570146
786,4224,3,1,2,2015,Delhi,Average,0,5591856
787,3702,3,4,1,2001,Gurgaon,Good,1,16967675
788,2056,2,4,1,1995,Gurgaon,Good,0,4121660
789,3529,4,2,3,1993,Gurgaon,Average,1,13504676
790,3503,2,1,2,2022,Noida,Good,0,3421496
791,4633,1,3,3,2010,Gurgaon,Poor,0,16310847
792,3761,5,4,3,2009,Gurgaon,Good,1,15259847
793,1773,3,1,1,2022,Delhi,Average,0,11964831
794,2629,4,2,3,1998,Delhi,Good,1,16801020
795,1672,3,3,2,2005,Delhi,Average,0,11768756
796,4629,2,4,2,2018,Delhi,Average,0,18140044
797,3595,4,1,3,2016,Gurgaon,Poor,0,15995352
798,4554,3,1,2,2017,Noida,Good,1,15872440
799,3767,3,2,2,2020,Noida,Poor,0,16902727
800,2035,1,1,2,1997,Gurgaon,Good,0,15021477
801,1690,5,3,3,2013,Delhi,Average,0,4922208
802,2061,4,4,3,2018,Noida,Poor,1,8638574
803,3189,2,3,3,2017,Delhi,Good,1,12891873
804,3912,2,3,3,1991,Gurgaon,Good,0,10635951
805,3071,2,2,1,2008,Gurgaon,Poor,1,7262155
806,1732,4,2,2,2013,Gurgaon,Good,1,10709255
807,3051,1,4,3,2023,Gurgaon,Good,0,18827157
808,2408,3,4,1,2021,Gurgaon,Average,0,7928365
809,1629,2,3,3,2013,Noida,Average,1,15255799
810,4216,3,4,3,2016,Delhi,Good,0,4396212
811,3322,1,2,3,2001,Delhi,Poor,1,4431273
812,825,2,3,2,2023,Noida,Poor,0,6857612
813,1302,4,3,2,2010,Gurgaon,Average,1,8810871
814,2849,4,3,1,1997,Noida,Poor,1,3019475
815,1864,2,2,1,2020,Delhi,Good,1,9817841
816,3551,5,3,2,1992,Noida,Average,1,10859673
817,4631,1,4,2,1996,Gurgaon,Average,1,12060602
818,2196,1,2,1,1999,Delhi,Good,1,8976907
819,2521,4,4,1,2023,Gurgaon,Good,1,5674829
820,1252,5,1,3,2015,Delhi,Average,1,3660343
821,578,5,3,2,1997,Gurgaon,Good,1,12876355
822,4021,1,4,3,1990,Noida,Average,0,17982456
823,4543,4,4,2,2009,Noida,Average,1,9083689
824,2954,2,1,3,2011,Noida,Poor,1,16209026
825,1504,5,1,1,2021,Gurgaon,Poor,1,7679861
826,1104,3,4,3,2004,Noida,Average,0,13553492
827,702,4,2,2,2006,Delhi,Good,1,18900516
828,2608,3,2,3,1990,Delhi,Poor,0,12007973
829,4641,2,4,2,2019,Noida,Average,1,8543612
830,3243,4,4,2,2010,Delhi,Poor,1,14762636
831,1410,4,4,1,1995,Noida,Average,0,14071245
832,4932,2,3,1,2017,Noida,Poor,0,10369622
833,3334,5,4,2,2011,Gurgaon,Good,0,18329707
834,4152,1,2,1,2006,Noida,Good,1,12214714
835,2627,3,3,3,1992,Delhi,Good,1,4164508
836,1917,5,2,2,2000,Gurgaon,Poor,1,10276662
837,1331,2,4,1,2005,Gurgaon,Average,1,18229461
838,4555,4,3,1,1999,Noida,Good,1,11493469
839,2089,4,3,1,2002,Noida,Poor,1,12029001
840,579,3,3,2,2003,Gurgaon,Poor,1,18257731
841,2796,2,2,3,1992,Delhi,Good,0,9355482
842,3629,5,1,1,1996,Gurgaon,Average,1,18863777
843,2129,3,1,1,2002,Delhi,Poor,0,11278845
844,4606,2,2,3,1994,Noida,Good,0,12332695
845,1707,1,3,3,2012,Noida,Good,1,2535138
846,4780,5,2,2,2018,Noida,Average,1,19900575
847,2017,5,2,2,2012,Delhi,Poor,1,15008587
848,1529,1,4,2,2007,Delhi,Average,0,19009511
849,3598,2,3,2,2010,Noida,Good,1,19180777
850,2899,1,2,3,2005,Delhi,Good,0,12993969
851,3479,3,3,2,2017,Gurgaon,Poor,0,9672537
852,3968,3,2,2,2006,Delhi,Poor,0,12991076
853,1121,4,2,1,2008,Gurgaon,Good,1,9972265
854,2905,2,3,1,2018,Delhi,Average,1,4418696
855,3107,3,3,3,1995,Noida,Poor,0,17411787
856,2293,5,3,2,2007,Delhi,Poor,0,6481316
857,4485,2,2,1,2003,Delhi,Average,1,4920623
858,1213,2,3,3,2012,Gurgaon,Average,1,9990210
859,798,5,4,3,2000,Noida,Good,1,8776658
860,513,1,2,2,1998,Delhi,Good,0,9260247
861,2821,1,3,3,2010,Noida,Average,1,18496209
862,4814,4,2,2,1994,Delhi,Average,1,5875533
863,4690,2,1,1,1992,Delhi,Good,1,18202220
864,3811,1,2,1,2018,Delhi,Average,1,15492078
865,2486,2,4,1,2017,Gurgaon,Good,1,4517666
866,721,5,1,1,2016,Noida,Poor,1,4895827
867,3842,4,2,1,2022,Delhi,Average,1,15187342
868,950,2,2,1,1994,Noida,Poor,1,6103048
869,3857,5,3,1,2001,Gurgaon,Average,1,10956479
870,4034,5,1,1,2018,Noida,Poor,1,18307953
871,1532,3,1,3,2015,Noida,Good,0,6824349
872,2118,2,3,2,2011,Gurgaon,Good,0,4894152
873,1250,5,3,3,2009,Gurgaon,Average,0,19377773
874,1885,5,3,3,1992,Gurgaon,Poor,0,16139683
875,1789,4,4,1,2014,Gurgaon,Average,0,4820231
876,4943,2,2,2,2016,Noida,Average,1,8716460
877,2407,1,2,2,2014,Noida,Good,0,6591164
878,709,3,3,2,1996,Delhi,Average,1,17828774
879,2214,1,4,3,1991,Delhi,Good,1,2357902
880,1925,2,2,3,2020,Noida,Average,0,14049735
881,1807,3,3,1,1992,Gurgaon,Poor,0,2145884
882,4725,5,3,3,2003,Delhi,Poor,0,18090497
883,1661,4,4,2,2021,Delhi,Poor,0,17923575
884,2217,2,2,3,1991,Gurgaon,Average,0,19052001
885,4099,1,1,2,1994,Delhi,Poor,1,13097397
886,1010,4,4,2,2003,Delhi,Average,1,18720741
887,512,5,3,1,2014,Delhi,Average,0,2938588
888,908,2,1,1,2002,Noida,Average,0,14241553
889,1502,3,1,3,1993,Gurgaon,Average,0,14298938
890,3381,1,1,1,2023,Noida,Good,1,4210690
891,1745,4,4,3,2022,Noida,Good,0,5443622
892,890,5,3,3,2013,Gurgaon,Poor,0,11415115
893,2861,4,4,2,2015,Noida,Poor,1,8432906
894,2397,1,4,2,2009,Delhi,Poor,0,16916084
895,4601,1,3,1,2021,Delhi,Poor,0,10732920
896,2322,3,3,2,2006,Delhi,Average,1,16054494
897,1714,4,3,3,2006,Gurgaon,Poor,1,5886418
898,4685,3,4,2,1991,Delhi,Good,0,3427128
899,2422,1,3,3,1998,Gurgaon,Good,1,4878967
900,4316,5,4,2,2022,Noida,Good,0,16584163
901,2527,4,4,1,2005,Delhi,Poor,0,6580594
902,3611,5,3,2,2023,Delhi,Average,0,5151834
903,1998,3,1,1,1999,Delhi,Average,0,16494144
904,3233,2,2,1,1991,Noida,Good,0,18129642
905,2717,5,1,2,2003,Delhi,Poor,1,17783842
906,4243,1,4,2,2008,Gurgaon,Average,0,7540086
907,4892,4,1,1,2023,Gurgaon,Good,1,6600864
908,3362,2,4,1,2015,Gurgaon,Good,0,19077602
909,2199,5,3,2,2013,Delhi,Poor,1,16669120
910,1522,4,3,1,1994,Gurgaon,Poor,1,10309068
911,2570,5,4,2,2001,Delhi,Poor,0,2853150
912,769,1,4,2,2014,Delhi,Average,1,11255286
913,3039,4,3,1,1998,Gurgaon,Average,0,7502085
914,3224,2,3,3,2022,Noida,Poor,1,8951371
915,3078,4,3,3,2004,Noida,Good,1,18125950
916,1786,1,3,3,1992,Gurgaon,Average,1,7326137
917,3388,2,1,1,2004,Noida,Good,0,4265468
918,2060,4,3,3,1992,Gurgaon,Poor,0,15451727
919,4136,3,4,3,1995,Delhi,Poor,0,19759733
920,1033,4,2,2,2009,Delhi,Good,0,2367931
921,1026,4,3,2,1996,Gurgaon,Good,1,10700721
922,1759,4,4,1,1994,Gurgaon,Average,0,3721701
923,3131,4,1,1,2007,Delhi,Good,1,6107948
924,2179,5,1,3,1994,Delhi,Good,1,7460735
925,4491,4,4,2,1990,Delhi,Average,1,18459989
926,3577,5,3,2,2016,Gurgaon,Good,1,12646854
927,4532,3,3,2,2003,Gurgaon,Good,0,18790177
928,4840,4,4,1,1996,Delhi,Average,1,14478735
929,4086,2,3,1,1999,Gurgaon,Good,0,6677608
930,880,1,2,3,2007,Delhi,Good,1,18899399
931,3680,3,1,3,1990,Delhi,Poor,0,19236981
932,3087,4,4,2,2005,Gurgaon,Good,1,8576984
933,3723,4,2,1,2006,Delhi,Average,1,12329627
934,1711,3,4,3,2012,Noida,Average,0,4621658
935,2724,2,3,3,2004,Delhi,Good,1,6238865
936,2327,4,3,3,2006,Gurgaon,Poor,0,10403403
937,3785,1,4,2,1995,Gurgaon,Poor,0,16833836
938,1491,3,1,1,2013,Delhi,Average,1,8374082
939,2000,4,4,2,2015,Noida,Good,0,14556478
940,3790,3,1,3,1993,Gurgaon,Average,0,10783070
941,873,3,2,1,2000,Gurgaon,Good,0,8351723
942,1289,5,1,3,2011,Noida,Poor,1,2531587
943,3088,4,3,1,2015,Gurgaon,Average,0,3770663
944,4624,2,4,3,2003,Delhi,Poor,1,11595601
945,4259,2,4,3,2001,Noida,Poor,0,15431032
946,874,5,1,3,2021,Delhi,Good,1,19307817
947,4559,4,1,1,2018,Gurgaon,Average,0,10137351
948,3498,2,4,3,1990,Gurgaon,Average,1,13349767
949,3648,1,2,3,1993,Delhi,Good,0,2384650
950,4361,3,4,3,2020,Gurgaon,Average,1,11335590
951,3220,2,2,3,2012,Noida,Average,0,11898662
952,1805,5,3,1,2020,Gurgaon,Average,1,19981031
953,2499,4,1,2,2010,Noida,Poor,0,9646130
954,2169,3,4,2,1997,Delhi,Good,1,16313509
955,4201,5,4,1,2012,Delhi,Good,1,18357033
956,1528,2,3,2,2008,Gurgaon,Good,0,14728295
957,2279,3,4,1,2001,Gurgaon,Poor,1,2877884
958,1600,3,1,2,2023,Delhi,Good,1,15243630
959,1295,1,4,1,2022,Gurgaon,Average,0,9015418
960,3854,1,2,3,1993,Gurgaon,Poor,0,7812237
961,2518,1,3,3,1991,Gurgaon,Good,1,18575428
962,970,4,1,3,2005,Noida,Good,1,3632967
963,997,3,2,2,2005,Noida,Good,0,11600177
964,500,4,3,3,2007,Gurgaon,Average,1,13212078
965,1231,1,2,2,1990,Gurgaon,Poor,1,13275762
966,2261,5,2,1,2018,Gurgaon,Average,0,15562094
967,694,5,1,3,1992,Delhi,Average,0,4832567
968,4125,2,2,2,2001,Gurgaon,Poor,1,15989615
969,3685,4,2,1,2019,Delhi,Good,0,9459420
970,2408,5,2,3,2017,Delhi,Average,1,16913968
971,949,4,4,3,2003,Noida,Poor,1,19770233
972,615,2,3,2,2012,Delhi,Poor,0,14196757
973,654,2,4,1,2001,Gurgaon,Average,0,11104520
974,1539,3,2,3,1990,Gurgaon,Average,0,13090533
975,587,1,1,3,2019,Noida,Poor,0,4213079
976,4698,3,1,3,2013,Noida,Average,0,14152211
977,2413,1,4,3,2015,Delhi,Good,0,16671815
978,4705,5,4,1,2006,Gurgaon,Good,1,8050750
979,2972,1,4,2,2017,Gurgaon,Average,1,7472457
980,1693,3,2,3,1994,Delhi,Good,0,5722665
981,2758,3,2,1,1995,Gurgaon,Average,1,18019360
982,980,5,4,2,2016,Gurgaon,Average,0,13474384
983,2936,4,1,3,1998,Gurgaon,Good,1,14663855
984,1293,5,1,3,1994,Gurgaon,Average,0,14000155
985,2870,3,3,2,2022,Delhi,Poor,0,6803893
986,1589,3,2,2,2008,Delhi,Average,0,13688158
987,4637,1,2,2,1996,Delhi,Average,1,10485526
988,4380,1,1,1,1991,Noida,Good,0,10967956
989,3271,1,3,3,2008,Gurgaon,Poor,1,19784038
990,3913,2,2,2,1992,Delhi,Average,0,5563637
991,1944,5,4,3,2016,Gurgaon,Good,1,14910128
992,2657,2,1,3,1990,Gurgaon,Average,1,11981831
993,1604,5,2,1,2008,Noida,Average,1,16694839
994,2294,3,4,3,2000,Gurgaon,Good,0,6934770
995,1494,2,2,2,2009,Gurgaon,Poor,1,10475208
996,1871,3,1,1,2010,Delhi,Average,0,11443357
997,3697,2,4,1,1996,Gurgaon,Average,0,18188914
998,3871,1,3,3,2010,Noida,Poor,1,9238906
999,1691,3,2,3,2012,Gurgaon,Poor,0,8102250
1000,4944,5,2,2,1993,Noida,Good,1,13421240
1001,1264,4,2,3,2017,Delhi,Good,0,17764168
1002,3483,5,2,1,1992,Gurgaon,Poor,1,6679804
1003,1747,5,3,3,2014,Noida,Average,0,12392744
1004,4815,1,2,2,2017,Delhi,Poor,1,17924148
1005,3492,2,3,1,2015,Delhi,Average,0,15282620
1006,3360,4,2,3,2001,Noida,Average,0,7324179
1007,2849,3,4,3,2010,Gurgaon,Poor,0,10397262
1008,4101,4,3,2,2013,Delhi,Good,1,4826697
1009,2893,1,2,1,1992,Delhi,Good,1,8346109
1010,4186,3,4,1,1993,Noida,Average,1,5955692
1011,2478,4,2,3,2014,Delhi,Poor,1,2352001
1012,4343,5,4,2,2007,Gurgaon,Average,0,9522325
1013,2509,1,2,2,1994,Gurgaon,Poor,1,10715838
1014,1832,5,2,1,2006,Delhi,Average,1,17975966
1015,2744,5,2,1,1997,Gurgaon,Good,0,6718317
1016,3071,5,2,2,2008,Gurgaon,Good,0,12115349
1017,4579,4,1,1,2019,Gurgaon,Average,0,18113147
1018,1729,5,4,1,2008,Delhi,Poor,0,9726335
1019,2231,2,3,3,1994,Gurgaon,Good,0,13763533
1020,4104,3,3,2,2019,Gurgaon,Good,1,12187070
1021,552,2,1,3,2021,Gurgaon,Average,1,4755979
1022,2369,5,4,2,2023,Gurgaon,Average,1,2411687
1023,1199,4,3,3,1990,Gurgaon,Good,1,17219569
1024,2243,5,3,2,2017,Noida,Poor,0,16179558
1025,4467,1,3,3,2017,Delhi,Poor,0,13102751
1026,2506,3,1,2,2017,Gurgaon,Poor,1,11106006
1027,1362,1,2,1,1990,Delhi,Poor,1,19765726
1028,604,5,1,3,1993,Noida,Good,1,17363517
1029,2334,2,1,3,1992,Delhi,Good,0,14328646
1030,3239,3,1,2,2008,Gurgaon,Good,1,18841981
1031,790,5,2,2,2017,Noida,Poor,1,3745373
1032,4850,5,3,1,2010,Noida,Good,0,3065073
1033,1809,4,3,2,2014,Noida,Average,0,15226941
1034,4954,2,3,3,2015,Gurgaon,Average,0,16395647
1035,4413,4,4,2,2011,Noida,Average,0,19202340
1036,3261,4,2,2,1996,Noida,Poor,1,15009095
1037,3116,3,2,1,2003,Noida,Poor,0,15036637
1038,3689,3,3,1,2003,Gurgaon,Poor,1,17540629
1039,3700,1,2,1,2017,Gurgaon,Good,1,2329313
1040,4367,2,2,3,2009,Gurgaon,Poor,0,19264522
1041,2009,1,3,2,2021,Delhi,Good,0,18635057
1042,2335,3,2,3,1999,Gurgaon,Average,1,14359255
1043,4128,2,1,1,2011,Gurgaon,Good,0,15192004
1044,1096,1,2,3,2009,Gurgaon,Poor,1,8923820
1045,4690,3,2,1,2005,Gurgaon,Average,1,11247069
1046,994,2,2,1,1991,Gurgaon,Good,1,17623437
1047,1989,5,2,3,1997,Gurgaon,Poor,0,10723841
1048,3064,2,3,3,2019,Delhi,Poor,1,19986413
1049,2826,5,2,2,1996,Gurgaon,Good,0,3414044
1050,4662,2,4,3,2023,Noida,Good,0,4746978
1051,1585,3,4,1,2022,Gurgaon,Poor,0,12647784
1052,869,2,4,1,2017,Delhi,Average,1,5268211
1053,1212,5,1,1,2009,Delhi,Poor,1,9050054
1054,1482,3,4,1,2000,Noida,Average,1,12870688
1055,1324,1,1,2,2002,Delhi,Poor,1,16972088
1056,1363,5,3,3,2021,Delhi,Average,1,16513524
1057,3314,4,3,1,1999,Noida,Poor,1,8777175
1058,3119,1,1,1,1997,Noida,Average,1,16346518
1059,3056,2,3,1,1997,Delhi,Good,0,7460248
1060,4703,2,4,1,2001,Noida,Poor,1,18325976
1061,3987,2,1,2,2010,Gurgaon,Good,1,16239292
1062,1386,1,4,2,2021,Delhi,Good,0,13687349
1063,3995,3,4,3,2014,Noida,Good,1,9193861
1064,2024,4,2,1,2012,Gurgaon,Poor,0,18547465
1065,1344,3,1,2,2009,Noida,Average,1,18144474
1066,2886,2,1,2,2003,Gurgaon,Average,1,5577585
1067,3439,3,2,2,2015,Gurgaon,Average,0,6087567
1068,4871,1,3,2,1993,Gurgaon,Average,0,3593109
1069,4366,1,4,1,2021,Delhi,Average,0,2815047
1070,4087,2,2,2,2009,Noida,Good,1,17680519
1071,2968,1,1,1,2014,Noida,Average,0,8838278
1072,4346,4,4,2,2019,Delhi,Good,0,18938286
1073,2041,2,1,1,2007,Gurgaon,Poor,1,12999697
1074,4383,1,4,1,2016,Delhi,Poor,1,8490280
1075,4985,3,3,2,1997,Noida,Good,1,5328631
1076,4183,3,2,1,1990,Noida,Average,1,18660124
1077,2476,2,1,3,1992,Delhi,Poor,1,2162889
1078,4707,1,4,3,2012,Gurgaon,Average,0,8502935
1079,3646,3,1,1,1999,Delhi,Average,1,7993555
1080,1280,1,4,2,1996,Noida,Good,1,18115422
1081,3547,4,3,1,2002,Delhi,Average,0,19222685
1082,4358,3,3,1,2022,Gurgaon,Good,0,5700116
1083,4289,4,1,1,1993,Delhi,Average,1,8702021
1084,3289,2,2,1,2011,Noida,Average,0,6259222
1085,2843,3,2,3,2001,Delhi,Poor,0,11748546
1086,2741,5,2,1,2016,Delhi,Poor,0,16133215
1087,4089,4,3,3,2005,Delhi,Average,0,12008469
1088,2478,5,2,1,1995,Gurgaon,Poor,0,5614201
1089,596,1,4,3,2019,Noida,Good,1,3681918
1090,4140,4,4,1,1993,Delhi,Poor,1,3576549
1091,4210,1,3,1,2003,Gurgaon,Poor,1,12216033
1092,1027,1,3,1,2015,Gurgaon,Average,0,10221256
1093,586,2,1,2,2004,Gurgaon,Poor,0,13077686
1094,2880,3,3,1,2016,Gurgaon,Good,1,12771566
1095,1350,1,4,2,2010,Delhi,Good,1,8454955
1096,1145,3,1,3,1992,Noida,Good,1,13544011
1097,4736,1,4,3,2022,Delhi,Average,1,16607178
1098,2470,3,1,3,1991,Gurgaon,Poor,1,4390767
1099,973,1,2,2,1998,Delhi,Good,0,7400519
1100,1990,1,1,2,2001,Delhi,Good,0,15528384
1101,3323,1,4,3,2006,Delhi,Poor,1,2116631
1102,2587,5,3,3,1993,Noida,Average,1,14316016
1103,2349,2,2,1,2001,Gurgaon,Good,1,7721550
1104,2052,3,4,3,1996,Noida,Good,0,7729001
1105,4559,1,2,2,2011,Delhi,Average,1,9723041
1106,1087,3,3,3,2013,Noida,Good,1,13883491
1107,2713,3,4,2,2019,Gurgaon,Good,0,7709288
1108,3415,1,3,3,2018,Delhi,Poor,0,12712645
1109,3982,1,2,2,2000,Delhi,Poor,1,10085237
1110,3035,5,4,2,2021,Delhi,Average,0,17978120
1111,3273,2,3,3,2009,Delhi,Good,1,14682498
1112,1668,1,3,1,2007,Noida,Good,1,9082756
1113,2494,2,2,3,2019,Noida,Good,1,2690344
1114,3672,5,4,1,2003,Noida,Poor,1,13159008
1115,568,1,2,2,2002,Gurgaon,Poor,1,12923808
1116,4884,3,2,3,1993,Delhi,Poor,0,3740871
1117,569,4,1,1,2005,Noida,Poor,1,16056148
1118,2113,5,2,2,2006,Gurgaon,Average,1,17000232
1119,3917,5,3,2,2007,Gurgaon,Good,1,13228173
1120,3104,4,1,1,2019,Gurgaon,Poor,0,15971873
1121,3049,5,1,2,2007,Noida,Average,1,14541926
1122,3313,1,3,2,2016,Noida,Poor,1,3113873
1123,1909,4,3,1,1993,Delhi,Poor,1,10019287
1124,1203,5,1,2,1998,Delhi,Good,0,14903126
1125,1675,4,1,2,2020,Delhi,Average,1,10080677
1126,2246,4,2,1,2005,Gurgaon,Poor,1,14433292
1127,1926,1,1,3,2011,Noida,Good,0,2429395
1128,2181,5,4,2,2016,Noida,Good,0,9497166
1129,3470,3,2,2,2016,Noida,Average,1,12068033
1130,4284,1,3,3,1999,Delhi,Poor,1,10770155
1131,1347,1,3,2,2018,Noida,Average,0,3910930
1132,1964,3,4,1,1992,Noida,Average,1,8059383
1133,2714,4,4,3,1994,Delhi,Average,0,8082580
1134,1367,3,4,2,2013,Noida,Average,0,19700964
1135,2980,3,1,3,1994,Gurgaon,Poor,1,10500733
1136,2869,1,1,2,2007,Noida,Poor,0,9265582
1137,3407,5,3,1,2020,Noida,Average,1,17764636
1138,4384,4,2,3,1995,Delhi,Poor,0,15615477
1139,3468,5,2,2,2006,Delhi,Good,0,13253813
1140,2670,4,1,3,2019,Delhi,Good,0,15103380
1141,2026,5,3,3,1995,Noida,Average,0,6192014
1142,3172,3,4,3,2016,Gurgaon,Good,1,12843440
1143,4114,2,1,2,2013,Gurgaon,Good,0,9570498
1144,1478,3,1,3,2019,Delhi,Good,0,4351120
1145,2840,5,1,3,2023,Delhi,Average,0,3091754
1146,1340,1,1,2,2009,Delhi,Poor,0,15824383
1147,1235,4,3,1,2007,Noida,Average,1,18605104
1148,2539,1,2,2,2008,Gurgaon,Average,0,6369217
1149,909,2,4,1,2016,Delhi,Good,0,2716394
1150,3877,2,4,3,1990,Gurgaon,Good,0,9982030
1151,3762,3,3,2,2022,Gurgaon,Poor,0,10075386
1152,2642,5,2,3,2000,Gurgaon,Good,0,7035001
1153,3016,3,4,2,2010,Noida,Poor,1,13725092
1154,749,2,1,2,2017,Gurgaon,Average,1,12060470
1155,812,2,3,3,1999,Gurgaon,Poor,0,7906105
1156,2831,2,1,1,1992,Gurgaon,Poor,1,9654147
1157,1936,1,3,1,2011,Gurgaon,Average,0,14672395
1158,844,2,2,2,2014,Delhi,Good,0,18213852
1159,1117,5,2,3,2008,Delhi,Good,1,19632352
1160,2017,1,4,1,1996,Gurgaon,Poor,0,7317433
1161,1307,2,4,2,1997,Gurgaon,Poor,0,6184606
1162,626,3,4,3,2007,Noida,Average,1,10867872
1163,547,1,1,2,2004,Delhi,Average,1,10358972
1164,4338,2,3,3,2007,Delhi,Good,1,6762781
1165,2529,3,1,2,2001,Delhi,Good,0,18149654
1166,4191,2,4,1,2023,Noida,Average,0,3951599
1167,3570,2,2,2,2018,Gurgaon,Good,0,15413124
1168,3330,1,4,3,2010,Delhi,Good,0,4321406
1169,3933,4,3,3,2011,Delhi,Average,0,2968813
1170,2835,5,2,3,2010,Gurgaon,Average,0,14478274
1171,934,1,4,3,2013,Noida,Average,1,18005990
1172,1651,1,3,1,2018,Delhi,Average,0,7660463
1173,4764,3,3,1,1998,Gurgaon,Average,0,7862525
1174,3512,2,1,3,2017,Gurgaon,Average,1,13695736
1175,3138,1,1,2,2018,Noida,Poor,0,7988628
1176,1836,3,3,2,1992,Delhi,Poor,1,4457190
1177,4669,1,2,1,2014,Delhi,Good,1,2358454
1178,3086,5,3,2,2022,Noida,Poor,1,15339733
1179,1484,1,4,3,2017,Noida,Poor,1,12591405
1180,4548,5,1,3,2006,Noida,Poor,0,19719381
1181,3667,5,4,3,1999,Delhi,Poor,0,7229747
1182,3499,2,4,2,2016,Delhi,Poor,1,17525751
1183,793,4,4,2,1997,Delhi,Good,1,2350357
1184,3616,5,4,2,2013,Noida,Good,0,9542276
1185,4840,2,3,1,2017,Delhi,Good,1,19361306
1186,3253,5,1,2,2008,Noida,Poor,1,8895271
1187,3690,2,4,3,2006,Noida,Good,1,11414586
1188,3658,3,4,3,2016,Gurgaon,Poor,1,3989507
1189,4183,1,3,2,2017,Noida,Average,1,15573378
1190,3093,2,4,3,1996,Noida,Good,1,16970382
1191,1211,2,3,3,2000,Delhi,Average,1,6373536
1192,4361,5,3,1,2014,Delhi,Average,1,8943109
1193,1137,2,1,3,2020,Noida,Good,1,9131147
1194,2681,2,2,1,2007,Gurgaon,Good,1,5815974
1195,2858,2,1,2,2020,Delhi,Average,0,9966145
1196,1151,4,4,2,2009,Gurgaon,Good,1,7740298
1197,4230,2,3,3,2008,Gurgaon,Average,0,9965782
1198,4511,2,2,1,1993,Noida,Average,1,3975530
1199,3855,4,4,3,2014,Delhi,Good,1,6419629
1200,4317,2,4,2,1991,Noida,Good,0,6104885
1201,3647,2,3,1,2021,Gurgaon,Good,0,15661639
1202,4470,3,1,3,1998,Gurgaon,Average,0,19867176
1203,3792,5,2,1,2022,Delhi,Good,0,17369996
1204,4152,3,3,1,1992,Delhi,Average,1,16223047
1205,4233,1,2,1,2010,Delhi,Poor,1,14202992
1206,3253,4,2,2,1998,Gurgaon,Good,1,12300104
1207,2244,5,4,3,1995,Noida,Good,1,10905234
1208,2088,4,2,1,2015,Gurgaon,Good,1,3008856
1209,683,4,4,3,2022,Delhi,Poor,0,5306679
1210,4385,1,2,1,2003,Noida,Good,0,3939138
1211,4694,5,3,3,1999,Gurgaon,Good,0,15309788
1212,1400,4,3,3,2008,Gurgaon,Poor,1,3174327
1213,2088,4,1,1,2021,Noida,Poor,0,6343450
1214,2090,4,2,2,2004,Delhi,Poor,1,8660582
1215,959,2,4,3,2013,Noida,Poor,0,13126221
1216,2572,3,2,3,1999,Gurgaon,Poor,0,18220757
1217,3286,5,2,2,2011,Gurgaon,Poor,0,17669933
1218,3751,2,2,1,1998,Delhi,Average,0,2204582
1219,4386,2,4,1,1994,Delhi,Poor,1,4107878
1220,3992,5,1,3,1996,Gurgaon,Good,1,4116379
1221,4461,4,3,1,2004,Noida,Average,1,2911218
1222,2197,3,3,3,2019,Delhi,Average,1,14785397
1223,2625,5,4,2,1998,Delhi,Good,1,16092572
1224,4540,3,3,1,1990,Noida,Average,0,9896603
1225,2922,1,4,1,2000,Gurgaon,Average,1,12475662
1226,4192,5,2,1,2010,Noida,Average,1,17556118
1227,2149,4,4,3,1995,Noida,Average,0,7106005
1228,4608,4,4,3,2022,Gurgaon,Good,1,7611789
1229,3143,4,3,2,2005,Gurgaon,Poor,1,18838810
1230,3377,4,2,3,2022,Noida,Average,1,15780413
1231,4161,4,1,2,2006,Noida,Poor,0,14034132
1232,2553,2,3,3,2009,Noida,Poor,0,5072187
1233,646,5,2,2,2007,Gurgaon,Average,1,8102965
1234,3896,3,3,3,1997,Noida,Average,1,18406543
1235,623,5,3,2,1990,Delhi,Average,0,17912629
1236,1488,4,2,1,2003,Gurgaon,Good,1,10499970
1237,1761,4,2,1,2012,Noida,Good,0,19584047
1238,987,2,2,3,2014,Gurgaon,Poor,1,8621755
1239,4060,5,1,2,2017,Noida,Average,0,6192800
1240,4921,5,4,2,2000,Noida,Good,0,11423491
1241,3256,5,4,2,2021,Delhi,Average,1,8794979
1242,527,2,2,1,1998,Noida,Average,1,2184140
1243,4415,2,2,1,2016,Delhi,Poor,0,3669347
1244,965,3,2,2,1996,Noida,Average,1,2539197
1245,1853,5,4,3,2007,Noida,Average,1,18244561
1246,1220,4,3,2,2020,Noida,Average,1,7235828
1247,2899,2,3,1,2009,Gurgaon,Average,0,10358045
1248,2903,1,4,3,2022,Delhi,Good,1,19386415
1249,2808,4,3,1,2012,Delhi,Good,0,14804093
1250,4630,2,3,2,2020,Delhi,Average,0,3520009
1251,1260,5,1,3,2010,Delhi,Poor,0,7990625
1252,1755,1,1,2,2002,Delhi,Good,1,10927785
1253,537,4,3,2,2021,Gurgaon,Good,1,15660026
1254,4946,3,3,1,1991,Gurgaon,Poor,1,4210941
1255,3375,5,3,3,2012,Gurgaon,Poor,0,15315215
1256,4533,3,4,2,2011,Delhi,Poor,0,11113989
1257,4648,2,3,2,2019,Delhi,Good,0,18865068
1258,726,5,2,3,1998,Gurgaon,Average,0,8655165
1259,3709,3,2,2,2003,Noida,Average,1,11745191
1260,2906,1,2,1,2001,Gurgaon,Good,0,12123562
1261,3710,1,1,3,2001,Gurgaon,Average,1,6113275
1262,791,3,4,2,2015,Noida,Poor,1,5468617
1263,1458,1,2,2,2023,Noida,Poor,0,18914667
1264,779,1,3,3,2014,Gurgaon,Average,1,5314621
1265,2559,5,3,2,1997,Gurgaon,Poor,0,8661811
1266,1333,4,2,2,2016,Gurgaon,Poor,1,19488778
1267,3402,3,2,1,1996,Delhi,Good,1,13254447
1268,2639,3,4,3,2013,Delhi,Good,0,14334073
1269,735,2,1,3,2020,Gurgaon,Average,0,4232993
1270,2889,5,4,3,2002,Noida,Good,0,10359191
1271,1857,5,3,2,2021,Noida,Average,1,5350660
1272,517,4,4,3,1999,Noida,Poor,1,16350320
1273,3379,2,3,1,2023,Delhi,Average,0,14596037
1274,3139,3,3,3,2021,Delhi,Poor,0,15784101
1275,3616,1,4,3,2005,Gurgaon,Good,1,17494883
1276,2520,4,2,1,1997,Noida,Good,1,13239439
1277,830,2,1,3,1993,Gurgaon,Good,0,3466976
1278,4231,3,4,1,2009,Noida,Average,1,10017690
1279,2370,2,4,2,2023,Gurgaon,Average,1,16554997
1280,2753,1,2,1,2002,Gurgaon,Poor,0,14069415
1281,3275,2,3,3,2022,Gurgaon,Poor,0,2221226
1282,2268,1,3,3,1995,Gurgaon,Average,1,11752154
1283,3027,2,4,2,1999,Delhi,Good,1,8218879
1284,2459,5,3,2,2001,Gurgaon,Poor,1,10449034
1285,3134,1,4,3,1995,Gurgaon,Average,0,10410902
1286,1232,3,2,1,2005,Noida,Poor,1,11265523
1287,1994,4,2,3,2015,Noida,Good,0,7645263
1288,1708,3,4,3,2008,Gurgaon,Good,1,17281282
1289,3596,1,4,3,2020,Gurgaon,Poor,1,6130760
1290,1857,2,2,2,1995,Delhi,Average,0,19808500
1291,3837,5,2,2,1997,Gurgaon,Good,0,5060334
1292,3792,4,4,3,2017,Noida,Average,1,11090036
1293,4827,3,2,3,1991,Noida,Poor,1,3990085
1294,2608,5,1,3,1997,Noida,Average,0,9506707
1295,4301,5,1,2,1990,Delhi,Poor,1,17675519
1296,1404,4,4,1,2015,Noida,Good,0,16591238
1297,2518,2,3,2,2002,Gurgaon,Average,1,19349120
1298,1584,2,1,3,1990,Delhi,Good,0,15900127
1299,3213,1,4,3,1992,Noida,Average,1,15095779
1300,3438,3,4,3,2007,Delhi,Average,1,14156483
1301,1034,1,4,2,2007,Delhi,Poor,1,18986324
1302,2115,3,1,3,1991,Noida,Average,1,13797933
1303,3809,5,2,3,1997,Gurgaon,Poor,1,4910462
1304,2857,1,1,3,2006,Gurgaon,Average,1,19314576
1305,1970,4,3,3,2014,Delhi,Poor,1,9156038
1306,561,1,4,1,1991,Gurgaon,Poor,1,9225684
1307,3555,1,3,1,2011,Delhi,Good,0,7914790
1308,4487,5,3,3,1991,Noida,Good,1,7131503
1309,3263,3,3,3,2004,Delhi,Poor,1,10550340
1310,1458,5,4,2,2007,Gurgaon,Average,1,18921004
1311,2601,1,4,1,2017,Gurgaon,Poor,0,2502939
1312,877,2,3,1,2000,Noida,Poor,1,19736424
1313,1368,5,2,2,2015,Delhi,Average,0,15315197
1314,4860,1,3,1,2011,Gurgaon,Good,0,14485262
1315,4821,3,3,1,2006,Delhi,Poor,1,10780714
1316,1299,2,2,2,1995,Delhi,Poor,1,5105842
1317,1504,1,2,2,2004,Noida,Average,1,7009387
1318,4067,5,3,2,2000,Gurgaon,Poor,0,4175357
1319,1016,3,3,2,2019,Delhi,Good,0,6248731
1320,4962,3,1,1,2013,Delhi,Poor,1,12706388
1321,672,1,4,1,2006,Delhi,Average,0,15311729
1322,3303,2,1,1,2022,Noida,Average,1,16719564
1323,4967,2,2,1,2020,Gurgaon,Average,0,6502219
1324,2666,2,1,3,2012,Noida,Good,1,5796856
1325,1639,4,1,3,2008,Delhi,Good,0,13859147
1326,1410,2,1,1,2015,Gurgaon,Good,1,12094061
1327,813,1,3,2,2017,Noida,Good,1,12765235
1328,2839,1,2,3,1991,Noida,Good,0,19746506
1329,1328,5,3,1,2019,Delhi,Average,0,14267053
1330,652,1,3,1,2000,Noida,Poor,1,8491897
1331,529,1,4,3,2010,Gurgaon,Good,0,4736447
1332,4059,5,4,1,1994,Delhi,Poor,0,19404504
1333,2579,2,4,2,2005,Noida,Average,1,12118683
1334,2602,3,3,1,2018,Gurgaon,Poor,1,18225959
1335,608,3,4,2,1997,Delhi,Good,0,17351224
1336,3088,1,3,1,2009,Noida,Good,1,17723784
1337,1280,3,3,3,2000,Noida,Good,0,15709666
1338,3350,2,2,3,2023,Delhi,Poor,0,7526437
1339,3184,4,1,1,2015,Noida,Average,1,14859724
1340,891,4,3,3,1995,Delhi,Average,0,15228125
1341,1255,3,4,2,1990,Gurgaon,Poor,1,5542295
1342,4434,3,1,2,2008,Noida,Poor,1,13618688
1343,2541,1,4,3,1992,Gurgaon,Good,0,11207397
1344,4771,1,4,2,1993,Gurgaon,Poor,1,9665299
1345,1103,3,1,1,1997,Noida,Poor,0,3441311
1346,941,2,4,1,2016,Noida,Average,0,10957429
1347,3922,5,2,3,1993,Gurgaon,Good,1,9440012
1348,4505,1,1,3,2010,Delhi,Good,0,15931168
1349,4802,5,4,1,2017,Gurgaon,Poor,1,7132940
1350,1497,2,2,3,1995,Noida,Poor,1,15108176
1351,4213,3,1,3,2015,Noida,Poor,1,13358589
1352,2425,4,2,1,1993,Delhi,Average,1,8441574
1353,2682,4,2,2,2014,Noida,Average,1,5059088
1354,1179,2,2,3,2019,Gurgaon,Average,1,13782339
1355,1934,1,4,3,1999,Gurgaon,Good,1,10908550
1356,579,2,1,1,2015,Gurgaon,Poor,1,2248218
1357,4946,1,2,1,2010,Delhi,Poor,0,18887644
1358,1542,5,2,2,1994,Delhi,Good,0,2652508
1359,3907,3,2,2,2006,Gurgaon,Average,1,12267321
1360,1022,3,1,2,1990,Gurgaon,Good,0,3830114
1361,4707,2,2,2,1997,Noida,Good,0,7211712
1362,4633,5,4,2,2012,Gurgaon,Average,1,3649348
1363,4146,4,1,1,1998,Delhi,Good,0,13497487
1364,1471,1,1,3,2018,Noida,Average,0,17169696
1365,1568,2,4,3,2015,Noida,Good,0,16671277
1366,4000,4,3,2,1999,Noida,Poor,1,9358181
1367,4507,3,4,3,2020,Gurgaon,Poor,1,5237230
1368,1368,3,4,2,2008,Noida,Average,1,15025743
1369,1694,4,4,1,2014,Delhi,Good,1,13867606
1370,2744,5,3,3,2019,Noida,Average,0,14064238
1371,3114,3,4,1,2008,Gurgaon,Poor,1,5512058
1372,3199,5,4,1,2006,Gurgaon,Good,1,14391503
1373,2475,4,1,1,2021,Noida,Poor,0,3972225
1374,4239,4,1,1,2007,Gurgaon,Average,1,15034091
1375,3830,5,2,2,1992,Delhi,Average,1,6785067
1376,3367,1,1,3,2021,Delhi,Good,0,18552599
1377,872,4,4,3,2021,Noida,Poor,1,2214707
1378,2354,2,1,1,1992,Gurgaon,Average,0,11434240
1379,4829,2,3,2,1999,Noida,Poor,0,2278404
1380,3362,3,3,1,2009,Noida,Good,1,8390812
1381,1082,3,2,3,2023,Noida,Good,1,12310182
1382,856,1,4,3,2009,Gurgaon,Average,0,3365844
1383,3701,1,4,2,2007,Gurgaon,Poor,0,11787764
1384,4236,2,3,3,2003,Noida,Good,0,16749549
1385,1217,1,1,1,2014,Gurgaon,Good,1,13468589
1386,1378,2,1,1,2011,Noida,Good,1,17748661
1387,2559,5,1,2,2022,Gurgaon,Average,0,4494966
1388,622,4,2,1,1997,Gurgaon,Poor,0,4052043
1389,3498,1,2,3,1999,Delhi,Average,0,6023023
1390,2492,4,3,1,2012,Gurgaon,Good,1,11219024
1391,2481,1,4,1,2002,Gurgaon,Poor,1,12520064
1392,830,1,4,1,2014,Gurgaon,Good,1,11561323
1393,957,3,1,3,1999,Noida,Poor,1,13710555
1394,2818,1,2,2,2017,Delhi,Good,0,7054717
1395,4093,4,3,1,1995,Delhi,Average,0,8014500
1396,4128,1,4,2,2002,Noida,Average,0,18129137
1397,1445,5,1,3,2004,Noida,Average,0,12127649
1398,4223,3,3,1,1999,Delhi,Poor,0,4786608
1399,3408,2,1,3,1991,Noida,Average,0,6385535
1400,2834,1,4,2,1992,Delhi,Poor,1,8977388
1401,3586,5,2,2,2003,Noida,Average,0,6516647
1402,3541,5,4,3,1990,Gurgaon,Good,1,19638235
1403,3412,3,4,2,2008,Gurgaon,Poor,1,13224606
1404,4039,1,4,2,1998,Delhi,Good,1,5441002
1405,3154,4,1,2,2008,Delhi,Good,1,8411295
1406,1848,1,3,2,1996,Delhi,Average,1,18683860
1407,4023,4,2,1,2021,Noida,Poor,0,10472330
1408,1038,4,3,2,2013,Noida,Poor,1,13478936
1409,4524,1,4,1,2013,Gurgaon,Poor,1,18574927
1410,1397,5,2,2,2007,Delhi,Poor,0,13942983
1411,945,5,4,2,2001,Gurgaon,Poor,1,4840892
1412,507,2,4,2,2001,Noida,Average,1,19492822
1413,1429,3,4,3,1996,Noida,Average,1,16904976
1414,1893,2,1,1,1998,Delhi,Average,1,15299969
1415,1534,4,1,1,2014,Noida,Good,0,16848862
1416,3499,5,3,3,2017,Delhi,Poor,0,6243420
1417,599,5,4,3,2000,Gurgaon,Good,0,8139009
1418,713,1,2,1,1999,Gurgaon,Good,0,18124327
1419,4538,3,2,3,1992,Gurgaon,Good,1,14721044
1420,2926,3,4,3,2014,Delhi,Good,0,11461299
1421,4065,4,2,2,1997,Noida,Average,1,5892991
1422,1996,5,3,1,2002,Noida,Poor,0,11491106
1423,3727,1,2,2,1992,Delhi,Average,1,12196826
1424,858,1,4,1,2011,Delhi,Poor,1,8690378
1425,4090,2,2,2,2005,Gurgaon,Average,0,8550652
1426,4188,2,4,2,2015,Noida,Average,0,10123236
1427,1288,1,3,1,2021,Delhi,Poor,1,5541397
1428,1251,3,1,3,1999,Gurgaon,Good,0,8547110
1429,4394,3,4,3,1994,Delhi,Average,0,12923177
1430,3608,2,3,1,2012,Gurgaon,Good,1,10387682
1431,1153,3,2,1,1995,Delhi,Average,0,11118285
1432,2059,4,2,3,2001,Delhi,Good,0,18550573
1433,2494,1,2,3,2013,Noida,Poor,1,17331512
1434,547,2,1,3,2013,Gurgaon,Average,1,16151452
1435,4215,3,1,1,2021,Delhi,Poor,1,17555676
1436,4307,2,4,3,2019,Gurgaon,Poor,0,7792076
1437,2197,5,1,1,2023,Gurgaon,Average,1,10272824
1438,1915,4,2,2,2020,Gurgaon,Poor,1,13925930
1439,3267,1,1,1,1990,Delhi,Poor,0,11977513
1440,2791,4,4,2,2002,Noida,Poor,0,14267794
1441,2699,4,2,2,2006,Noida,Poor,1,14807104
1442,2621,1,4,1,2000,Gurgaon,Good,0,10384354
1443,2886,1,2,2,1997,Delhi,Poor,0,10269816
1444,2742,4,3,2,2014,Delhi,Average,0,15820721
1445,3215,3,2,2,2018,Gurgaon,Poor,0,6695240
1446,4781,5,3,3,2014,Gurgaon,Poor,1,10328774
1447,1031,1,4,1,2016,Noida,Good,0,17285707
1448,2831,4,3,1,2020,Noida,Good,1,13647819
1449,2926,4,1,2,2022,Gurgaon,Good,1,7381914
1450,4589,5,1,3,1996,Noida,Poor,1,3742682
1451,1066,3,2,1,2011,Noida,Poor,1,3083368
1452,3701,4,4,3,2021,Noida,Good,1,19876851
1453,4514,4,4,1,2010,Delhi,Good,1,8525911
1454,2357,4,1,2,1996,Delhi,Good,0,11921138
1455,747,5,1,2,1998,Delhi,Average,1,9750055
1456,2651,5,2,3,2016,Noida,Good,1,15944971
1457,3838,2,1,2,1993,Noida,Poor,0,14819711
1458,3400,1,2,1,2011,Delhi,Average,0,15356323
1459,4801,4,2,2,2018,Delhi,Poor,1,17087903
1460,904,5,3,2,1990,Gurgaon,Poor,1,8378591
1461,4263,3,1,3,2010,Gurgaon,Poor,0,8150013
1462,2506,2,4,2,2012,Delhi,Poor,0,16021506
1463,4204,2,1,2,2007,Gurgaon,Average,0,17803014
1464,3314,1,3,3,2022,Gurgaon,Good,1,6985683
1465,4303,2,3,3,2004,Delhi,Average,1,16859376
1466,977,4,4,2,1999,Noida,Average,1,4422293
1467,2956,2,3,1,2016,Gurgaon,Poor,0,2657464
1468,3738,5,3,1,1997,Noida,Average,1,17560168
1469,4831,4,3,2,2003,Noida,Good,1,3903567
1470,3906,2,3,3,1991,Noida,Good,1,18094600
1471,992,2,2,1,1994,Gurgaon,Good,0,14598464
1472,1659,2,2,3,1998,Noida,Average,1,19226650
1473,3691,4,1,3,2021,Delhi,Good,0,11271084
1474,2025,4,4,2,2014,Noida,Good,0,6983404
1475,4659,5,4,2,2017,Delhi,Good,0,14015363
1476,1008,2,1,3,2004,Gurgaon,Good,1,8795314
1477,2100,4,1,1,1993,Noida,Poor,1,16848681
1478,2852,4,4,1,2006,Delhi,Good,1,10012263
1479,2206,1,1,1,2004,Noida,Average,1,10505956
1480,3506,1,1,2,2009,Gurgaon,Good,1,17972344
1481,3584,3,1,3,2012,Noida,Good,1,11171931
1482,918,2,3,1,1997,Noida,Average,0,15806659
1483,2914,2,1,1,2017,Noida,Poor,1,18203366
1484,4411,4,1,2,2016,Gurgaon,Poor,1,2467962
1485,821,1,2,1,2013,Noida,Poor,1,11144769
1486,4503,5,3,1,2015,Delhi,Poor,0,8002918
1487,3991,5,1,3,2023,Noida,Poor,0,10520347
1488,2030,3,1,3,1992,Noida,Average,1,12976404
1489,4190,4,4,3,2008,Delhi,Good,1,19499775
1490,2798,3,1,1,2006,Gurgaon,Good,0,8915732
1491,4363,2,4,2,2006,Gurgaon,Poor,0,4984550
1492,4707,4,3,1,1995,Gurgaon,Good,1,19014317
1493,3818,3,4,3,2011,Noida,Average,1,5716244
1494,1306,1,2,2,2018,Gurgaon,Poor,0,14716190
1495,4111,2,3,2,2002,Gurgaon,Poor,1,19677432
1496,1133,5,3,2,2008,Delhi,Good,0,6398483
1497,4167,1,1,2,1995,Noida,Poor,1,18098683
1498,4917,2,1,2,1999,Delhi,Good,0,5392766
1499,1679,3,2,1,2017,Noida,Poor,0,16677317
1500,2990,3,2,3,2000,Delhi,Good,1,13828587
1501,3750,3,1,2,2010,Gurgaon,Poor,1,8846085
1502,4321,5,4,1,2013,Noida,Poor,1,8169563
1503,3546,1,2,3,2013,Delhi,Poor,1,8714042
1504,3712,5,3,1,1991,Delhi,Average,1,4170231
1505,2186,1,3,1,2012,Noida,Good,0,10316160
1506,637,1,2,2,2012,Gurgaon,Average,0,14978100
1507,1602,1,4,1,1992,Gurgaon,Poor,1,3561576
1508,4426,3,4,3,2005,Gurgaon,Poor,0,8221553
1509,3436,1,1,2,2011,Gurgaon,Poor,0,19155628
1510,1293,5,4,1,1994,Gurgaon,Average,1,3182801
1511,2678,3,1,3,2010,Gurgaon,Average,0,12242593
1512,3442,2,3,2,2011,Delhi,Good,0,2285747
1513,4118,4,3,2,2008,Gurgaon,Average,1,9023940
1514,2239,4,4,1,2001,Noida,Good,0,14055783
1515,3530,1,1,1,2011,Gurgaon,Good,0,9123842
1516,2123,3,1,1,2021,Gurgaon,Average,0,4413667
1517,3875,5,3,1,2009,Gurgaon,Poor,1,12699379
1518,554,3,1,3,1994,Delhi,Good,1,9168732
1519,2366,4,3,3,1998,Noida,Average,0,2588587
1520,2274,5,2,2,1996,Delhi,Good,1,15878247
1521,2012,1,2,2,1995,Delhi,Average,1,15768786
1522,2968,2,4,1,2003,Delhi,Good,0,3119026
1523,2136,3,4,1,1996,Gurgaon,Good,0,13032671
1524,2454,1,3,2,2014,Delhi,Poor,0,5225480
1525,1524,1,3,1,2003,Delhi,Poor,1,18538957
1526,2214,1,4,3,2009,Noida,Poor,1,4525704
1527,1802,2,2,2,2008,Noida,Average,1,2268986
1528,2241,5,2,1,2018,Noida,Good,1,12015422
1529,2704,2,1,2,1995,Noida,Poor,0,11634222
1530,786,1,1,2,2021,Gurgaon,Average,0,16932577
1531,1134,1,1,1,2007,Noida,Poor,0,5399405
1532,1663,5,1,2,1996,Gurgaon,Poor,0,18760368
1533,1203,5,1,1,2000,Noida,Average,1,15231774
1534,1845,5,3,3,2015,Delhi,Good,1,19642375
1535,1970,2,1,2,1993,Delhi,Average,0,9346749
1536,860,1,2,3,1996,Delhi,Average,1,5074637
1537,3741,1,1,1,2019,Gurgaon,Average,1,4532108
1538,2177,5,4,1,1994,Noida,Average,1,11747082
1539,810,1,4,1,2012,Noida,Good,1,13258906
1540,2622,2,3,1,2017,Noida,Good,1,14736558
1541,4985,2,4,3,1992,Noida,Good,1,17238459
1542,1292,5,4,1,1997,Delhi,Poor,0,3154261
1543,1268,4,3,3,1990,Noida,Average,0,9464291
1544,1958,5,3,2,2002,Noida,Poor,1,2559988
1545,2560,1,3,3,1992,Noida,Average,0,3242698
1546,4986,5,3,3,2023,Noida,Poor,0,15350118
1547,2662,2,1,3,2017,Delhi,Poor,0,12368729
1548,1984,3,1,1,1993,Gurgaon,Good,0,2883267
1549,2305,3,4,2,2019,Noida,Poor,0,12204473
1550,4147,5,2,2,2009,Delhi,Poor,1,13371244
1551,4160,5,4,3,2003,Delhi,Good,0,5349022
1552,4042,1,2,2,2017,Delhi,Poor,0,16001043
1553,2772,2,3,1,2012,Gurgaon,Average,0,14869024
1554,2714,5,4,3,2000,Gurgaon,Average,1,10416214
1555,4238,3,4,3,2008,Gurgaon,Average,1,17413420
1556,1643,3,1,3,2015,Gurgaon,Poor,0,7302384
1557,4361,5,4,1,2015,Noida,Average,1,12521556
1558,4346,5,4,1,2003,Noida,Average,0,19642484
1559,768,3,1,1,2016,Delhi,Average,0,14210714
1560,2727,3,1,2,2008,Gurgaon,Average,0,12799308
1561,3914,1,1,1,1995,Noida,Poor,0,10615432
1562,793,5,1,1,2022,Gurgaon,Good,1,10555588
1563,3592,2,4,1,2001,Noida,Average,1,3428762
1564,2216,2,2,1,1990,Gurgaon,Poor,0,9191399
1565,4928,5,2,3,1999,Delhi,Average,1,12729833
1566,2992,4,2,2,1994,Delhi,Good,0,2087980
1567,1290,1,4,2,2010,Noida,Poor,1,5874805
1568,4468,4,3,2,2016,Delhi,Good,0,3837698
1569,1989,3,2,2,2017,Gurgaon,Good,0,7873269
1570,4123,5,2,3,2008,Delhi,Poor,1,4974067
1571,2614,5,2,2,1992,Noida,Poor,0,3681024
1572,4837,4,2,1,2010,Noida,Poor,1,18333643
1573,4759,4,4,2,1998,Noida,Average,1,9530146
1574,1738,1,4,2,2019,Delhi,Poor,1,2632066
1575,3925,4,4,2,2008,Delhi,Average,0,11921214
1576,2375,4,3,3,2023,Gurgaon,Poor,0,10787195
1577,3806,1,2,2,2010,Delhi,Good,1,8840477
1578,2540,4,2,2,2020,Noida,Average,1,14934853
1579,1362,5,1,3,1990,Gurgaon,Average,0,11088098
1580,2793,1,3,1,2001,Gurgaon,Average,1,17902918
1581,3252,3,3,2,2006,Gurgaon,Poor,0,16705162
1582,1111,4,1,2,2022,Noida,Average,1,5589685
1583,4869,1,2,2,2009,Delhi,Average,0,2632966
1584,1226,2,4,2,2006,Delhi,Poor,0,19001664
1585,4073,3,1,3,2007,Delhi,Good,1,8976643
1586,4907,5,1,2,2008,Gurgaon,Good,0,14670486
1587,2383,2,2,1,2010,Noida,Poor,1,9667092
1588,3072,4,1,3,2009,Noida,Good,1,5550279
1589,942,3,3,2,2013,Noida,Good,0,18501146
1590,4051,5,3,2,1993,Gurgaon,Good,0,18117784
1591,4987,4,2,1,1990,Delhi,Good,0,13101493
1592,1244,1,2,2,2020,Gurgaon,Average,0,3883532
1593,2038,4,2,3,2008,Noida,Average,0,17121734
1594,2597,1,4,2,1994,Delhi,Poor,0,3130762
1595,1042,1,4,3,1992,Gurgaon,Average,0,12479692
1596,3139,3,1,3,2005,Delhi,Good,1,11970468
1597,1114,3,2,3,2016,Noida,Good,0,6485881
1598,4968,1,3,3,1994,Noida,Poor,1,4584849
1599,4432,2,3,1,2016,Gurgaon,Good,0,18408689
1600,3397,5,1,1,2023,Gurgaon,Poor,1,11734166
1601,4213,4,2,3,2015,Gurgaon,Average,0,16264075
1602,2290,5,3,2,2013,Gurgaon,Average,1,19508463
1603,4470,3,2,1,2014,Gurgaon,Good,1,7168045
1604,1648,5,1,3,2010,Noida,Good,0,5358169
1605,920,5,2,2,2012,Delhi,Good,1,12766120
1606,2725,2,3,2,2018,Gurgaon,Good,1,12674425
1607,1255,3,1,3,2010,Noida,Poor,0,14901123
1608,4372,1,1,3,2022,Noida,Poor,0,12789564
1609,2376,2,1,2,1997,Delhi,Good,0,10174040
1610,1780,5,2,3,1998,Noida,Poor,1,5387648
1611,1017,2,3,2,2007,Noida,Poor,1,8690789
1612,2171,2,3,2,1994,Gurgaon,Poor,0,10533493
1613,1145,5,4,3,2007,Noida,Good,1,15616581
1614,1533,1,1,2,1995,Noida,Good,0,18473529
1615,1825,4,4,2,1994,Delhi,Poor,0,12001948
1616,3284,4,2,2,2012,Delhi,Average,0,12905304
1617,2456,1,4,1,2023,Noida,Average,0,19007273
1618,1607,4,4,1,2009,Delhi,Poor,1,5393416
1619,4559,2,1,2,2018,Delhi,Poor,1,10506401
1620,3557,1,4,2,2009,Gurgaon,Poor,1,14437966
1621,1584,4,3,3,2019,Gurgaon,Average,1,5880233
1622,3425,1,1,1,2008,Noida,Good,1,9491593
1623,2189,4,4,1,1990,Gurgaon,Poor,0,15728640
1624,2852,1,2,3,2017,Noida,Average,0,5392520
1625,4242,3,4,2,2021,Gurgaon,Average,0,19364586
1626,2592,5,2,3,1992,Gurgaon,Good,0,10360572
1627,3397,5,4,1,1998,Gurgaon,Good,1,19343282
1628,2203,2,2,2,2002,Noida,Poor,0,17459654
1629,1745,3,4,2,2002,Gurgaon,Poor,1,10362836
1630,3210,5,1,2,1995,Delhi,Good,0,16145204
1631,3444,2,4,1,2019,Gurgaon,Average,1,12951342
1632,857,5,4,2,2002,Delhi,Average,0,16145788
1633,2570,4,3,2,2012,Delhi,Poor,1,12044811
1634,3220,2,2,1,1999,Noida,Poor,0,14757026
1635,2867,5,3,3,2005,Gurgaon,Poor,0,14011900
1636,3199,1,1,2,2008,Gurgaon,Good,0,16736629
1637,1549,5,4,2,2005,Noida,Poor,0,19440572
1638,4041,5,4,2,2010,Noida,Average,0,6339296
1639,1180,4,4,2,2001,Delhi,Average,0,18459816
1640,4303,5,4,1,2011,Gurgaon,Average,1,8171368
1641,1341,1,1,2,2023,Gurgaon,Average,1,12376583
1642,711,2,1,3,2014,Delhi,Average,1,2081720
1643,4147,4,2,3,2010,Noida,Average,0,3296249
1644,4744,1,3,1,2012,Gurgaon,Good,1,11842349
1645,4570,5,2,2,1990,Delhi,Poor,1,13738995
1646,2949,5,3,2,2008,Noida,Poor,0,16873893
1647,4055,4,1,3,2005,Delhi,Average,0,4375094
1648,3090,4,1,1,1993,Delhi,Average,1,4174114
1649,734,4,3,2,1992,Delhi,Average,0,6132796
1650,4719,4,2,1,2008,Noida,Poor,1,7894653
1651,640,3,4,1,2002,Gurgaon,Average,0,8893192
1652,2216,3,3,2,1993,Delhi,Poor,1,4508164
1653,2653,1,4,3,2022,Noida,Average,0,17487298
1654,3444,5,2,1,2009,Noida,Average,0,8954163
1655,1866,5,4,2,2010,Noida,Average,1,17559926
1656,2880,2,2,3,2013,Delhi,Average,0,5012048
1657,1279,4,2,2,2023,Noida,Good,1,2588113
1658,1791,1,1,3,2002,Noida,Average,1,13752450
1659,4736,5,3,2,2016,Noida,Poor,0,3850472
1660,3077,4,2,2,2004,Gurgaon,Average,0,8011192
1661,1478,4,2,2,2011,Delhi,Average,1,12939169
1662,2677,1,1,1,2007,Noida,Poor,0,12918359
1663,4063,3,4,1,1993,Gurgaon,Good,0,8811716
1664,2499,4,4,1,1994,Gurgaon,Good,1,12287927
1665,1468,1,4,1,2007,Noida,Good,1,4054079
1666,2647,1,3,3,2006,Noida,Good,0,13771784
1667,4214,2,3,1,1997,Delhi,Poor,1,9534038
1668,3858,3,4,2,1997,Noida,Average,0,6180512
1669,2047,5,2,2,2018,Delhi,Average,1,7537049
1670,1053,4,2,1,2021,Noida,Good,0,17512538
1671,1291,1,4,3,1999,Gurgaon,Average,1,14909639
1672,2908,2,3,2,1998,Delhi,Poor,0,11529672
1673,1687,4,1,2,2019,Delhi,Poor,1,4781339
1674,3506,1,1,2,2018,Noida,Poor,1,18493968
1675,4881,2,3,2,2019,Gurgaon,Average,1,14778359
1676,1550,3,1,2,2011,Gurgaon,Good,1,8103412
1677,1297,3,2,2,1994,Noida,Average,1,17974044
1678,3475,3,2,1,1992,Delhi,Average,1,17703689
1679,3413,3,3,1,1998,Gurgaon,Poor,0,14328205
1680,2121,2,2,1,1996,Delhi,Average,0,16937857
1681,3898,2,2,2,2008,Gurgaon,Poor,1,4145796
1682,1407,4,3,3,2002,Noida,Poor,1,17868535
1683,4419,3,3,1,2001,Delhi,Good,1,11215656
1684,4740,1,1,3,2011,Noida,Poor,1,12832551
1685,4443,2,4,1,2006,Noida,Average,1,12374409
1686,1524,4,1,2,2009,Delhi,Good,1,3380538
1687,2713,4,3,3,2015,Noida,Average,1,15982697
1688,2790,5,4,1,2014,Noida,Average,1,3046404
1689,1104,2,1,1,2007,Gurgaon,Average,0,13568829
1690,2145,4,3,3,1995,Gurgaon,Poor,1,5685657
1691,4034,3,1,3,2016,Noida,Good,1,6035644
1692,4354,4,4,2,1991,Noida,Good,0,9905082
1693,2749,4,3,3,2010,Gurgaon,Good,1,5298146
1694,4506,3,4,3,2002,Gurgaon,Average,0,15033143
1695,4994,2,4,3,2015,Delhi,Poor,1,6480472
1696,2024,1,1,2,1997,Noida,Good,1,5438568
1697,2941,3,2,3,2003,Delhi,Good,1,5813008
1698,1219,5,2,2,2003,Noida,Good,1,2004617
1699,4279,1,2,2,1990,Noida,Poor,0,13640108
1700,2263,5,1,3,2009,Noida,Average,1,18580645
1701,4094,4,1,1,2008,Noida,Poor,1,17156866
1702,3083,2,4,1,1994,Gurgaon,Good,1,8994870
1703,4254,4,4,3,1997,Delhi,Average,1,14192460
1704,2292,5,4,3,1999,Gurgaon,Good,1,5547098
1705,4246,4,2,2,1995,Gurgaon,Good,0,12920619
1706,3433,2,1,2,1993,Noida,Average,0,2841825
1707,989,4,4,3,2010,Gurgaon,Poor,1,14882316
1708,1537,5,3,1,2014,Delhi,Average,1,19673589
1709,650,3,1,1,2021,Gurgaon,Good,0,4786143
1710,663,3,4,2,2020,Delhi,Average,0,12417680
1711,505,5,2,2,1991,Noida,Poor,1,9165479
1712,3909,1,1,3,1993,Noida,Good,1,18175667
1713,3826,4,4,2,2009,Delhi,Average,0,18118080
1714,3701,2,2,3,2001,Gurgaon,Good,1,9265558
1715,1721,4,1,2,2012,Gurgaon,Average,1,9139990
1716,4654,3,2,1,1999,Delhi,Good,1,14331431
1717,4694,2,2,3,2019,Gurgaon,Good,1,5967343
1718,4731,1,2,2,2021,Noida,Average,0,12782739
1719,4306,3,4,1,1997,Delhi,Poor,1,2698365
1720,3155,1,1,3,2010,Delhi,Average,1,16360477
1721,1875,2,4,2,1990,Noida,Average,0,7708612
1722,4935,2,2,1,2004,Delhi,Average,1,3022933
1723,4739,4,2,2,2011,Delhi,Average,0,9375278
1724,577,2,3,3,1993,Delhi,Good,1,14941136
1725,3752,2,4,1,2022,Noida,Average,0,7769716
1726,3186,5,4,3,2016,Gurgaon,Poor,0,13109140
1727,4561,3,1,3,2023,Noida,Poor,0,10979066
1728,2363,4,1,2,2002,Gurgaon,Good,0,3845191
1729,2719,4,1,3,2006,Noida,Average,1,14040354
1730,2779,1,3,1,2023,Delhi,Average,0,6592998
1731,1439,1,3,3,2005,Gurgaon,Poor,1,12554470
1732,756,4,1,1,2009,Gurgaon,Good,1,14521708
1733,4588,1,3,1,2003,Noida,Good,0,10466749
1734,2780,3,1,3,1996,Noida,Good,0,12256028
1735,4345,3,3,1,2015,Gurgaon,Good,0,3891639
1736,2363,5,3,2,2018,Gurgaon,Average,0,18616396
1737,4463,2,2,2,1990,Delhi,Poor,1,3254154
1738,3429,1,3,2,2013,Noida,Poor,0,2893393
1739,1929,3,4,1,1991,Delhi,Good,1,18112154
1740,1928,4,3,3,1995,Gurgaon,Poor,0,12535301
1741,3202,3,2,1,2010,Noida,Good,1,15673853
1742,1652,5,2,3,2011,Noida,Average,0,5980859
1743,720,3,4,3,1994,Noida,Good,1,18730552
1744,4226,2,2,1,1995,Delhi,Average,1,14628592
1745,2604,5,2,3,2018,Gurgaon,Poor,0,13104601
1746,2440,3,4,1,1990,Noida,Poor,1,5595400
1747,4892,4,4,1,2019,Noida,Average,0,19768443
1748,723,2,3,1,2021,Noida,Good,1,9318689
1749,4010,4,1,2,1996,Noida,Good,1,16677739
1750,2249,2,2,1,2006,Noida,Average,1,9350189
1751,570,3,3,1,2013,Gurgaon,Average,1,6286462
1752,686,2,2,1,1998,Gurgaon,Poor,0,2762716
1753,4149,4,1,3,2012,Noida,Good,0,7465403
1754,3157,4,4,3,2019,Delhi,Average,1,15427506
1755,598,4,4,1,1992,Gurgaon,Average,1,15813088
1756,4167,5,3,2,2017,Noida,Poor,1,5711889
1757,833,2,1,1,2023,Gurgaon,Poor,1,2336436
1758,3038,3,3,1,1994,Gurgaon,Average,0,16660390
1759,2412,3,1,1,2009,Gurgaon,Poor,1,16961256
1760,2525,2,4,2,1993,Gurgaon,Average,0,8281035
1761,1261,2,4,1,2001,Delhi,Good,1,3693689
1762,3842,1,2,2,2004,Delhi,Poor,0,2236879
1763,4102,4,3,2,2008,Noida,Average,0,4049225
1764,701,3,2,1,1993,Delhi,Poor,1,10626091
1765,2332,3,3,3,2010,Gurgaon,Poor,0,10939715
1766,4973,1,2,1,1996,Delhi,Good,1,3109447
1767,4978,2,2,1,1995,Noida,Average,1,18995200
1768,792,1,4,1,1990,Gurgaon,Good,0,4304564
1769,2598,2,3,3,1990,Delhi,Average,0,14609276
1770,4408,5,1,2,2004,Gurgaon,Good,1,12087979
1771,581,1,2,1,1991,Gurgaon,Poor,1,6073206
1772,683,4,2,3,2001,Gurgaon,Average,1,7275605
1773,4641,3,2,3,1991,Noida,Good,1,19183966
1774,1915,4,1,2,1993,Delhi,Average,1,5745090
1775,2128,4,2,1,1998,Noida,Average,1,13086627
1776,3164,3,3,3,2007,Gurgaon,Average,0,14303546
1777,4507,4,2,1,2000,Delhi,Good,0,4116896
1778,4570,2,3,3,2010,Delhi,Poor,1,9560688
1779,4951,5,2,2,2011,Noida,Good,0,7877917
1780,649,4,4,1,1999,Delhi,Good,0,12686848
1781,4812,2,4,3,1990,Delhi,Poor,1,2332307
1782,3762,1,3,3,2015,Noida,Good,0,18066165
1783,4056,2,3,3,2004,Noida,Poor,0,10938831
1784,3694,4,1,1,1999,Noida,Good,0,10468388
1785,4926,5,1,2,2003,Noida,Average,1,13629117
1786,3421,5,2,3,2000,Delhi,Poor,0,17827906
1787,683,3,1,1,2020,Gurgaon,Good,1,18977353
1788,1362,4,3,2,2015,Delhi,Average,1,4927371
1789,4636,4,2,1,2008,Delhi,Poor,0,11607206
1790,702,2,1,1,2012,Noida,Average,0,16896074
1791,1196,1,2,3,2011,Delhi,Average,0,9073896
1792,3321,3,1,1,1992,Gurgaon,Good,1,5509651
1793,1398,2,1,2,2021,Noida,Average,0,8692232
1794,1315,3,2,2,1997,Gurgaon,Average,0,6413901
1795,775,5,1,1,2013,Delhi,Poor,0,2317869
1796,4520,4,2,3,2010,Delhi,Good,0,9358710
1797,1241,4,3,2,2002,Noida,Average,0,4185575
1798,915,2,1,1,2020,Noida,Good,0,12727085
1799,3417,5,1,2,1995,Gurgaon,Poor,0,15226301
1800,4697,3,4,2,1996,Gurgaon,Good,1,14275449
1801,1142,1,3,2,1993,Noida,Average,1,9361199
1802,1053,5,1,2,2016,Delhi,Poor,1,7300356
1803,1311,3,1,2,2018,Delhi,Good,1,12280030
1804,4272,2,3,2,1998,Gurgaon,Poor,0,12221408
1805,1001,4,3,3,1992,Noida,Average,1,6804058
1806,2575,1,3,3,2020,Gurgaon,Good,0,12176873
1807,1747,3,2,3,1992,Delhi,Poor,1,4405493
1808,2303,5,3,1,2000,Noida,Good,0,8368132
1809,3697,3,3,2,2007,Gurgaon,Good,0,9718432
1810,1806,5,4,1,1994,Noida,Poor,1,17555634
1811,4989,4,4,1,2018,Delhi,Good,0,14928408
1812,3032,1,3,2,2019,Noida,Good,1,13326359
1813,4238,2,3,2,2017,Noida,Good,0,9802723
1814,2682,5,4,3,2005,Gurgaon,Average,0,4873478
1815,3444,3,3,3,1995,Delhi,Poor,1,19127967
1816,4701,2,1,1,1992,Gurgaon,Good,1,4805116
1817,1319,5,4,2,1999,Gurgaon,Good,0,4032764
1818,1313,1,1,2,1997,Delhi,Good,1,18259897
1819,3144,5,3,3,1992,Delhi,Poor,0,12121962
1820,4257,5,2,1,2013,Noida,Good,1,15995025
1821,1007,4,2,1,1999,Noida,Poor,0,5668151
1822,4610,4,2,3,2022,Noida,Average,0,11278367
1823,2605,4,1,1,1991,Delhi,Poor,0,7958304
1824,4894,1,4,1,1990,Gurgaon,Average,0,3429297
1825,1407,3,2,3,2017,Delhi,Average,0,8885025
1826,1232,3,1,2,2013,Delhi,Average,1,10936129
1827,3923,2,2,3,2023,Gurgaon,Average,1,8323134
1828,1426,1,4,3,2003,Noida,Average,0,18753872
1829,1483,5,2,2,1997,Noida,Poor,0,15844061
1830,3071,4,4,2,2023,Delhi,Average,1,15752880
1831,4909,2,1,1,2008,Gurgaon,Poor,1,13434962
1832,4158,2,2,1,2022,Delhi,Poor,0,13463896
1833,1550,2,3,2,2020,Gurgaon,Average,0,4788937
1834,1037,1,2,1,2011,Gurgaon,Good,1,11183669
1835,4632,5,2,1,2015,Delhi,Poor,0,7061683
1836,1658,3,2,3,2000,Noida,Good,1,7808972
1837,4699,3,3,3,2006,Noida,Average,1,2155790
1838,4720,5,1,3,2005,Gurgaon,Poor,0,5425181
1839,4848,1,4,1,1990,Noida,Average,1,11867513
1840,1883,3,3,2,2013,Noida,Poor,0,3901768
1841,4717,5,4,2,2022,Gurgaon,Good,1,6544502
1842,3146,5,3,2,2008,Noida,Good,1,7949082
1843,1910,5,3,3,2001,Noida,Average,1,9880324
1844,2632,1,3,1,2018,Noida,Poor,1,15598795
1845,2744,3,3,1,1993,Noida,Poor,0,7615878
1846,3393,4,4,2,2015,Delhi,Average,1,11649120
1847,3616,2,1,1,2023,Delhi,Good,1,9443820
1848,2799,2,4,2,1996,Delhi,Average,1,13639488
1849,3608,1,4,3,2007,Gurgaon,Poor,0,11635136
1850,3663,5,3,3,1998,Noida,Good,0,9369750
1851,1080,1,3,2,2020,Gurgaon,Good,0,10861966
1852,2133,4,3,3,1999,Noida,Good,0,7864788
1853,3100,4,2,2,2013,Noida,Good,1,12983211
1854,881,4,1,2,2012,Delhi,Poor,0,6714842
1855,4960,1,3,1,1992,Gurgaon,Good,1,2147618
1856,2278,1,3,3,2000,Noida,Good,1,17553887
1857,4605,2,2,1,2011,Delhi,Good,1,13750714
1858,4163,3,4,2,2006,Noida,Poor,1,18811748
1859,896,3,4,1,2016,Gurgaon,Good,0,14159794
1860,2512,2,4,3,2002,Delhi,Poor,0,14140656
1861,3563,2,2,3,2003,Noida,Poor,0,13800739
1862,1671,4,2,1,2006,Delhi,Poor,0,15619147
1863,3445,4,1,1,1994,Gurgaon,Poor,1,6753616
1864,3508,3,2,2,2007,Noida,Good,0,4224368
1865,3101,3,3,3,1995,Delhi,Poor,0,16074548
1866,3000,5,1,1,2012,Gurgaon,Good,0,15518605
1867,4833,2,3,1,2006,Delhi,Good,1,2340271
1868,2873,4,4,2,1995,Noida,Good,1,6024633
1869,4493,1,4,2,2022,Noida,Poor,0,8593875
1870,2171,3,3,2,2013,Gurgaon,Poor,1,12169097
1871,3285,3,4,1,1994,Gurgaon,Average,0,3657481
1872,4030,5,1,1,1998,Gurgaon,Average,0,18436428
1873,2392,4,3,3,1998,Gurgaon,Poor,1,14233819
1874,3149,1,1,1,1997,Noida,Poor,1,3820052
1875,894,1,1,1,2016,Gurgaon,Good,1,17822120
1876,875,2,3,1,2021,Gurgaon,Good,1,14295229
1877,1141,4,1,3,2007,Noida,Poor,0,11947929
1878,3488,5,4,1,2022,Delhi,Good,0,4869485
1879,1249,5,3,2,1993,Gurgaon,Good,1,15396745
1880,3728,4,3,1,1993,Noida,Average,0,16072321
1881,4792,4,1,1,1991,Noida,Good,0,14791358
1882,1198,1,4,2,1998,Gurgaon,Average,0,3434111
1883,3346,3,2,2,2004,Delhi,Poor,0,3081782
1884,2686,1,1,3,2004,Noida,Poor,0,5568438
1885,4075,3,2,2,1993,Delhi,Average,0,13633643
1886,1516,3,2,1,1998,Noida,Poor,0,3049915
1887,4236,1,3,3,2022,Gurgaon,Good,0,19044605
1888,3425,2,1,3,1995,Delhi,Poor,0,13234250
1889,4275,3,4,1,2007,Noida,Good,1,16316724
1890,1659,2,1,1,1998,Noida,Poor,1,18704937
1891,3917,1,3,3,2022,Noida,Poor,0,12878284
1892,4668,3,4,1,2019,Delhi,Average,0,18015097
1893,938,5,3,1,2000,Noida,Poor,0,9944041
1894,3935,4,4,3,2002,Noida,Average,0,18205755
1895,4454,3,4,3,1996,Gurgaon,Good,1,18005740
1896,2365,1,1,3,2012,Delhi,Poor,0,9369406
1897,1226,2,3,1,1992,Noida,Average,0,5113737
1898,2577,4,2,3,1996,Noida,Average,1,3477424
1899,541,4,1,1,1990,Delhi,Good,0,16791186
1900,1760,5,3,2,2022,Gurgaon,Average,1,2724365
1901,1311,1,3,1,2001,Gurgaon,Good,1,2426178
1902,4048,3,1,1,2015,Delhi,Poor,0,5598341
1903,1888,5,4,2,1992,Noida,Average,0,9736481
1904,4159,4,2,2,2019,Noida,Average,1,14465920
1905,3605,5,4,2,2000,Noida,Average,1,5616728
1906,2300,2,3,2,1996,Delhi,Good,0,3892519
1907,1039,2,3,2,2015,Delhi,Poor,0,5346992
1908,1991,4,4,1,2023,Delhi,Poor,1,3326617
1909,3423,3,1,2,2003,Gurgaon,Average,1,9551900
1910,2669,1,2,3,2023,Delhi,Good,0,13933144
1911,4235,5,3,1,1996,Gurgaon,Average,0,5377813
1912,2982,3,3,3,1994,Noida,Average,1,19316195
1913,3206,2,3,1,1993,Gurgaon,Good,0,4478907
1914,3921,1,2,3,1992,Delhi,Good,1,5516598
1915,4166,5,4,3,2001,Noida,Poor,1,11185099
1916,1661,1,3,2,2000,Noida,Average,0,9014085
1917,4271,3,3,2,2004,Noida,Poor,0,7800331
1918,4182,3,3,2,2006,Delhi,Poor,1,4693190
1919,2633,3,3,3,2007,Delhi,Good,0,8884762
1920,3354,3,2,3,2012,Noida,Good,0,13310190
1921,3310,4,4,2,2021,Gurgaon,Average,0,12460384
1922,2080,3,3,2,2012,Gurgaon,Poor,0,12713811
1923,2484,5,4,2,2020,Gurgaon,Poor,0,5475634
1924,2213,3,2,2,1995,Gurgaon,Good,0,4182678
1925,2675,4,3,3,2023,Noida,Poor,1,6836254
1926,3691,2,2,2,2010,Noida,Average,1,2763783
1927,2661,2,4,2,2014,Noida,Average,0,16948229
1928,3265,3,1,1,2022,Gurgaon,Average,1,8366845
1929,2826,3,3,2,2023,Gurgaon,Poor,0,12539695
1930,3358,2,2,1,1997,Noida,Good,1,12158244
1931,3773,3,1,2,1997,Delhi,Average,0,15095239
1932,549,4,3,3,2005,Delhi,Poor,0,11607063
1933,4429,4,4,3,2018,Gurgaon,Good,0,3512102
1934,2239,5,1,3,1990,Noida,Poor,1,18776007
1935,1649,3,3,1,2006,Noida,Poor,1,16899472
1936,4148,2,2,3,2010,Gurgaon,Good,0,14639469
1937,1688,4,2,1,1991,Gurgaon,Poor,0,7648261
1938,616,3,3,2,1999,Gurgaon,Good,0,16472895
1939,1376,2,4,1,1997,Gurgaon,Poor,0,11229789
1940,3359,2,3,1,1994,Noida,Average,1,16582028
1941,2132,1,3,1,2020,Gurgaon,Poor,1,7307197
1942,3045,4,2,1,2010,Noida,Average,0,9291237
1943,4794,1,4,1,2017,Delhi,Average,0,5376484
1944,4306,4,2,1,2008,Delhi,Good,0,5772591
1945,3855,5,4,3,1996,Delhi,Poor,0,6689861
1946,1270,4,4,2,1999,Delhi,Good,0,11344081
1947,1711,4,4,2,2006,Delhi,Good,0,15797382
1948,4245,3,4,1,2021,Noida,Good,0,12319973
1949,956,1,4,2,2004,Gurgaon,Poor,0,5274536
1950,1108,3,3,1,2008,Delhi,Poor,1,6450423
1951,2856,5,4,1,1990,Noida,Average,1,17260112
1952,4348,3,2,3,2005,Delhi,Good,0,4014896
1953,1924,5,2,3,1997,Delhi,Good,1,9641105
1954,2200,2,2,3,1996,Gurgaon,Average,1,12763274
1955,4836,5,3,3,1996,Noida,Average,0,11006550
1956,1163,3,2,3,2000,Delhi,Good,1,2624837
1957,3903,5,4,3,2012,Noida,Average,0,17684163
1958,3156,4,3,2,2011,Delhi,Average,1,7244003
1959,4554,3,4,1,2020,Delhi,Poor,0,13666697
1960,2409,1,1,3,2000,Delhi,Poor,1,9665454
1961,1190,5,3,2,1991,Gurgaon,Poor,0,19610618
1962,2032,1,3,2,2013,Gurgaon,Good,1,18047183
1963,2630,2,3,3,2020,Noida,Average,1,19395499
1964,3382,1,3,1,1999,Noida,Good,0,19500937
1965,2784,5,1,3,2019,Gurgaon,Good,1,7259782
1966,4945,5,2,2,2010,Gurgaon,Poor,0,6828378
1967,3855,1,4,2,1993,Delhi,Poor,1,5380364
1968,2466,5,3,3,2016,Noida,Poor,0,3550080
1969,1524,2,4,1,2015,Noida,Good,0,15493383
1970,510,4,1,3,2015,Noida,Good,0,8886978
1971,3058,3,1,1,2002,Gurgaon,Average,1,18490284
1972,2585,4,3,2,2000,Delhi,Average,0,8723397
1973,1113,2,4,3,2012,Delhi,Poor,0,10316268
1974,3466,5,2,3,1992,Noida,Poor,0,13654021
1975,2365,1,4,3,1993,Delhi,Good,1,11575616
1976,1819,2,2,1,1995,Gurgaon,Good,1,17005257
1977,4018,2,4,2,2020,Delhi,Good,0,19652039
1978,2683,2,3,1,2008,Delhi,Average,1,5240237
1979,3193,1,3,3,2012,Noida,Good,0,4904316
1980,1319,5,1,1,1990,Noida,Good,1,16681546
1981,3577,5,3,1,2000,Noida,Poor,1,7965579
1982,2008,4,2,2,2006,Noida,Average,0,10924382
1983,980,3,2,2,2015,Delhi,Average,1,18075466
1984,3900,1,3,2,2016,Delhi,Good,0,11600296
1985,4906,2,1,1,2003,Gurgaon,Poor,1,16329793
1986,4012,4,4,1,1995,Noida,Average,0,19636624
1987,4248,4,3,2,2010,Noida,Poor,0,18930115
1988,666,3,4,2,2004,Gurgaon,Average,0,18147782
1989,1764,5,4,2,2010,Gurgaon,Good,1,11686216
1990,2857,1,3,2,2004,Delhi,Poor,1,15045507
1991,4677,5,3,2,2012,Gurgaon,Poor,0,3361990
1992,1240,3,1,2,2003,Delhi,Poor,1,7011433
1993,3191,3,3,1,2004,Noida,Poor,1,9436523
1994,3485,1,2,3,2018,Delhi,Good,0,2844449
1995,1060,3,4,1,2014,Noida,Poor,1,3530743
1996,1350,1,3,2,1995,Delhi,Average,1,10287987
1997,2828,2,1,1,2018,Noida,Poor,0,10288345
1998,4953,3,2,2,1996,Delhi,Average,1,13849967
1999,2215,1,1,2,1991,Noida,Average,0,17558467
2000,2693,2,4,2,2006,Noida,Average,1,17838211
